,GVN,,LICM,,DSE,,LV,,SLP,,,
Functions,% increase in the number of pointer pairs,% increase in no-alias and must-alias pointer pairs,% increase in the number of pointer pairs,% increase in no-alias and must-alias pointer pairs,% increase in the number of pointer pairs,% increase in no-alias and must-alias pointer pairs,% increase in the number of pointer pairs,% increase in no-alias and must-alias pointer pairs,% increase in the number of pointer pairs,% increase in no-alias and must-alias pointer pairs,Performance improvement,Precision improvement
next_nonempty_voxel,128.39,51.77,1293.62,28.7,260,57.23,0,0,187.5,75,11.49,35.8
push_down_grid,119.6,27.67,0,100,505.56,96.34,0,0,48.49,66.66,-8.07,31.5
init_ray,61.04,27.69,33.34,100,26.16,67.69,0,0,22.5,55,-6.37,12.8
next_nonempty_leaf,0,37.29,50,50,0,0,0,0,0,0,3.56,11.7
ConvertPrimRayJobToRayMsg,34.89,2.41,0,0,82.76,10.34,0,0,1250,0,7.96,2.6
RayTrace,21.14,0.04,44.54,1.34,26.32,1.1,0,0,500,0,-9.42,-0.2
traverse_subtree,5.64,66.19,419.24,73.96,300,0,0,0,0,0,-7.48,30.8
v_intersect,34.62,51.28,0,0,0,0,0,0,0,0,-1.57,33.3
traverse_bsp,18.48,71.13,615.39,12.98,300,0,0,0,0,0,-0.83,32.6
check_patch_cache,-6.87,49.52,0,100,100,0,0,0,0,100,-2.48,59.8
compute_diff_disc_formfactor,64.91,9.13,0,0,25.6,0.96,0,0,1255.18,0,11.48,3
mme34,276.62,-23.6,732.73,-3.29,0,0.84,5356.1,-4.79,0,0,-0.4,13.2
nbond,75.96,45.48,297.9,-19.07,-9.1,18.18,0,0,0,0,0.3,38
searchkdtree,20.2,64.53,122.59,56.66,0,50,0,0,0,0,0.18,45
heapsort_pairs,16.67,38.09,53.85,36.92,0,75,0,0,0,0,0.13,26.9
price_out_impl,68.04,46.74,230.29,17.26,104.32,-5.7,2333.34,0,-1.34,22.66,1.14,19.4
primal_bea_mpp,49,69.25,186.37,71.89,140,75.55,0,0,300,0,0.27,11.1
spec_qsort,134.98,2.33,0.82,2.62,0,10.42,-4.17,0,0,0,-1.41,0.4
cost_compare,0,85,0,0,0,0,0,0,0,0,-0.74,78.8
arc_compare,0,86.66,0,0,0,0,0,0,0,0,0.04,71.4
bea_is_dual_infeasible,0,0,0,0,0,0,0,0,0,0,0.75,0
suspend_impl,14.39,41.91,145.72,76.95,0,7.69,0,0,0,0,0.05,22.6
switch_arcs,73.2,35.63,68.78,19.67,0,17.11,0,0,0,30.3,0.05,20.4
primal_iminus,10.39,58.68,387.1,77.91,-50,100,0,0,0,0,0,16.7
lzma_mf_bt4_find,206.58,54.76,665.39,16.93,23.08,36.53,0,0,0,0,1.25,34.7
lzma_lzma_optimum_normal,917.27,-36.91,196.53,-46.41,60,-32.18,8883.34,-10.99,0,0,-0.34,11.1
lzma_mf_bt4_skip,218.15,39.39,841.08,-27.49,111.12,56.14,0,0,0,0,0.01,65.4
lzma_decode,60.82,16.47,-10,20,0,21.43,0,0,0,0,1.85,56.2
rc_encode,179.83,38.53,49.54,43.59,19.36,54.83,0,0,0,0,-1.7,2.8
sha_compress,8.65,2.05,0,0.67,0,0,1257.15,-39.7,0,0,-0.02,11.5
MorphologyApply,80.62,4.7,0,0,0,0,0,0,0,0,-0.51,0.3
MeanShiftImage,44.66,3.88,0,0,0,0,0,0,0,0,-0.32,10.7
SetPixelCacheNexusPixels,55.83,37.32,0,64.29,0,20,0,0,0,0,-12.02,10.4
GetVirtualPixelsFromNexus,41.65,45.4,0,0,0,0,0,0,0,0,12.75,4.4
etext,0,0,0,0,0,0,0,0,0,0,1.18,0
computeSSIM,-14.04,32.66,-3.49,2.09,0,0,4950,0,0,0,0.1,2.9
init_lists_b_slice_mvc,0,0,0,0,0,0,0,0,0,0,-0.86,0
get_mem4Dpel,0,0,0,0,0,0,0,0,0,0,0.02,0
init_lists_mvc,0,0,0,0,0,0,0,0,0,0,0.21,0
EdgeLoopLumaVerMBAff,0,0,0,0,0,0,0,0,0,0,0,0
get_mem4DpelWithPad,0,0,0,0,0,0,0,0,0,0,0.04,0
perform_mc,59.67,26.98,0,0,0,0,2553.85,0,0,0,-0.06,11
CheckAvailabilityOfNeighbors,46.69,21.16,0,0,0,0,0,0,0,0,0,9.9
get_mem3DpelWithPadSeparately,0,0,0,0,0,0,0,0,0,0,0,0
store_picture_in_dpb,38.8,11.08,0,0,0,0,364.71,-1.85,0,0,-0.68,0.9
decode_slice,20.25,32.61,167.47,65.46,10.87,49.02,0,0,0,0,0.02,4.6
getNonAffNeighbour,52.5,43,0,0,0,0,0,0,0,0,0,23.1
get_mem4DpelWithPadSeparately,0,0,0,0,0,0,0,0,0,0,0.05,0
get_mem4Ddistblk,0,0,0,0,0,0,0,0,0,0,0.08,0
process_image,0,0,0,0,0,0,0,0,0,0,0.07,0
ParseCommand,0,0,51.79,-9.18,0,0,0,0,0,0,0.02,0.6
init_lists,0,0,0,0,0,0,0,0,0,0,0.22,0
get_block_chroma,228.13,32.34,29.04,37.41,-8.34,46.97,0,0,0,0,1.03,31.2
compare_fs_by_poc_asc,0,0,0,0,0,0,0,0,0,0,0,0
decode_one_frame,224.27,26.35,0,0,0,0,0,0,0,0,-0.01,13.4
init_contexts,0,0,0,0,0,0,0,0,0,0,3.87,0
get_mem5Dint,0,0,0,0,0,0,0,0,0,0,-0.14,0
skip_macroblock,126.16,10.78,0,0,0,0,0,0,0,0,0,20.9
free_mem3Dint64,0,0,0,0,0,0,0,0,0,0,-0.49,0
get_mem3DpelWithPad,250,100,0,0,0,0,0,0,0,0,0,7.7
init_lists_p_slice_mvc,0,0,0,0,0,0,0,0,0,0,-0.04,0
get_mem2DpelWithPad,25,75,0,0,0,0,0,0,0,0,0,13.2
get_mem4Dint64,0,0,0,0,0,0,0,0,0,0,0.51,0
check_next_mb_and_get_field_mode_CABAC_p_slice,0,0,0,0,0,0,0,0,0,0,0.02,0
insert_picture_in_dpb,32.16,13.83,0,0,0,0,0,0,0,0,0,1.5
read_new_slice,56.9,57.87,43.93,39.07,18.97,37.29,0,0,-1.63,10.74,0.01,9.3
intrapred_chroma,198.78,-2.93,0,0,0,0,0,0,0,0,-0.62,10.6
free_mem2Dint,0,0,0,0,0,0,0,0,0,0,0,30
free_mem3Dint,0,100,0,0,0,0,0,0,0,0,-0.56,28.6
buffer2img,0,0,0,0,0,0,0,0,0,0,-0.04,0
free_mem4D,0,100,0,0,0,0,0,0,0,0,-0.37,26.7
get_mem3Dpel,200,100,0,0,0,0,200,0,0,0,0,7.7
fmo_init,1.13,10.3,160.98,-7.73,0,18.18,0,0,0,0,0.05,8.9
reorder_lists,6.18,32.96,0,0,0,0,0,0,0,0,0.02,22.2
get_mem4Dquant,0,0,0,0,0,0,0,0,0,0,-0.02,0
get_mem4Dint,160,100,-33.34,100,0,50,616.67,23.26,0,0,6.02,23.1
get_mem6Dmv,0,0,0,0,0,0,0,0,0,0,0,0
exit_picture,1526.9,-1.48,0,0,0,0,0,0,0,0,0,3.9
getAffNeighbour,0,0,0,0,0,0,0,0,0,0,-0.06,0
get_mem2Ddistblk,0,0,0,0,0,0,0,0,0,0,0,0
ercWriteMBMODEandMV,0,0,0,0,0,0,0,0,0,0,0.01,0
ReadTIFFImage,0,0,0,0,0,0,0,0,0,0,0.25,0
read_CBP_and_coeffs_from_NAL_CAVLC_420,0,0,0,0,0,0,0,0,0,0,-0.01,0
MuxImages,0,0,0,0,0,0,0,0,0,0,0,0
get_block_luma,148.84,48.76,0,0,0,0,-5.79,-2.32,0,0,-0.72,5.5
get_mem7Dmv,0,0,0,0,0,0,0,0,0,0,0,0
free_mem2Ddistblk,0,0,0,0,0,0,0,0,0,0,-0.23,0
read_CBP_and_coeffs_from_NAL_CAVLC_422,0,0,0,0,0,0,0,0,0,0,0.07,0
init_dpb,289.59,62.45,0,0,0,0,0,0,0,0,0,40.8
find_snr,0,0,0,0,0,0,0,0,0,0,0.03,0
clear_picture,0,0,0,0,0,0,0,0,0,0,-0.01,0
read_CBP_CABAC,100,24.62,71.7,25.79,0,0,0,0,0,0,0.09,27.7
read_CBP_and_coeffs_from_NAL_CAVLC_400,0,0,0,0,0,0,0,0,0,0,-0.01,0
get_mem3Dmp,0,0,0,0,0,0,0,0,0,0,0,0
free_mem4Dint,0,100,0,0,0,0,0,0,0,0,-2.24,27.3
write_picture,169.16,-4.85,0,0,0,0,0,0,0,0,-0.06,7.2
intrapred_chroma_mbaff,0,0,0,0,0,0,0,0,0,0,-0.08,0
ercCollect8PredBlocks,0,0,0,0,0,0,0,0,0,0,0,0
output_one_frame_from_dpb,13.34,30.69,0,0,0,0,0,0,0,0,-0.01,23.5
decode_one_slice,309.02,37.75,0,0,0,0,1560,0,0,0,0,11.4
free_mem2DintWithPad,0,0,0,0,0,0,0,0,0,0,-0.03,0
get_mem2Ddist,0,0,0,0,0,0,0,0,0,0,0.01,0
init_macroblock,0,0,0,0,0,0,0,0,0,0,0,0
ercPixConcealIMB,0,0,0,0,0,0,0,0,0,0,0,0
get_mem5Dquant,0,0,0,0,0,0,0,0,0,0,0,0
buildPredRegionYUV,0,0,0,0,0,0,0,0,0,0,0,0
get_mem2D_spp,0,0,0,0,0,0,0,0,0,0,0,0
init_slice,9.38,24.02,0,0,25,75,3600,0,50,50,0.02,28.5
free_mem3Ddistblk,0,0,0,0,0,0,0,0,0,0,-0.44,0
compare_fs_by_poc_desc,0,0,0,0,0,0,0,0,0,0,0,0
pad_buf,166.67,100,0,0,0,0,0,0,0,0,-0.03,19
get_mem3Dquant,0,0,0,0,0,0,0,0,0,0,-0.03,0
x264_pixel_satd_8x4,28.79,49.42,496.97,59.59,1200,80,0,0,0,91.42,2.31,58.1
get_ref,292.81,35.37,0,0,0,0,0,0,0,0,-1.22,29.4
quant_4x4,0,100,0,0,0,0,0,0,0,0,-0.45,76.1
mc_chroma,62.5,75,66.67,66.66,300,100,0,0,0,0,0.41,50
x264_pixel_sad_16x16,0,100,-50,100,0,0,0,0,0,0,0.02,46.4
refine_subpel,2.24,25.5,0,0,0,0,0,0,0,0,-0.02,5.6
sub4x4_dct,0,4.76,0,0,0,0,525.5,-52.71,0,0,-0.07,31.3
pixel_hadamard_ac,470.18,-1.74,0,0,0,0,1900,-12.5,0,0,-0.17,51.9
x264_pixel_sad_8x8,0,100,0,0,0,0,0,0,0,0,-0.04,46.4
quant_trellis_cabac,0,20.48,0,0,0,0,0,0,0,0,-0.08,9.8
x264_me_search_ref,19.51,10.74,0,0,0,0,1475,-46.82,0,0,-0.04,1.5
x264_pixel_satd_4x4,45,43.28,0,0,0,0,0,0,0,0,-0.03,52.1
quant_8x8,0,100,0,0,0,0,0,0,0,0,-0.08,76.1
hpel_filter,827.12,-28.18,62.17,39.25,316.67,100,0,0,0,0,0.07,34
x264_macroblock_encode,11.02,7.13,88.84,5.7,5.44,18.93,0,0,0,0,0.02,0.6
frame_init_lowres_core,116.67,77.77,212,80,1050,100,-35,0,0,0,0.14,45.3
sa8d_8x8,24.68,42.33,0,0,0,0,0,0,0,0,-0.01,60.7
mc_luma,329.1,27.24,0,0,0,0,0,0,0,0,-0.05,26.2
pixel_avg_16x16,0,100,0,0,0,0,0,0,0,0,-0.02,42.4
pixel_avg_weight_wxh,1092.6,98.92,0,0,0,0,0,0,0,0,-0.01,54
x264_pixel_satd_8x8,0,0,0,0,0,0,0,0,0,0,-0.04,0
x264_macroblock_analyse,53.93,-19.71,0,0,0,0,1758.19,-61.07,0,0,-0.04,0.8
x264_pixel_ssd_16x16,0,100,0,0,0,0,0,0,0,0,-0.02,46.4
x264_pixel_satd_16x16,0,0,0,0,0,0,0,0,0,0,-0.03,0
deblock_luma_c,24.25,93.93,0,0,0,0,0,0,0,0,-0.07,55.1
x264_macroblock_size_cabac,0,0,0,0,0,0,0,0,0,0,0,0
x264_macroblock_tree_propagate,68.14,42.31,0,0,0,0,0,0,0,0,-0.01,22.2
add8x8_idct8,14.05,30.57,0,0,0,0,2187.5,-3.98,0,0,0,59.9
block_residual_write_cabac_internal,164.16,-8.94,0,0,0,0,0,0,0,0,-0.04,14.8
pixel_avg_8x8,0,100,0,0,0,0,0,0,0,0,-0.04,42.4
add4x4_idct,0,17.24,0,0,0,0,350.99,-50.79,0,0,-0.04,22.2
sub8x8_dct8,0,1.63,-28.32,2.65,1,0.99,581.82,-56.17,0,0,0.01,38
x264_pixel_sad_8x16,0,100,0,0,0,0,0,0,0,0,-0.01,46.4
mbtree_propagate_cost,0,100,0,0,0,0,0,0,0,0,0,88.8
deblock_strength_c,0,75.92,0,0,0,0,0,0,0,0,0,43.3
mc_weight_w16,185,55,77.78,100,250,100,0,0,0,0,0.03,44.7
x264_pixel_ssd_8x8,0,100,0,0,0,0,0,0,0,0,-0.02,46.4
pixel_var2_8x8,0,100,-50,100,0,0,0,0,0,0,0.01,58.3
predict_8x8c_p,-20,78.33,0,0,0,0,0,0,0,0,-0.01,71.1
x264_mb_encode_8x8_chroma,27.11,26.02,73.34,-3.87,51.14,26.17,0,0,0,0,0.01,7
x264_mb_analyse_intra,63.04,1.79,0,0,0,0,0,0,0,0,-0.02,7.1
x264_cabac_encode_decision_c,80,55.84,0,0,0,0,-33.34,-33.34,0,0,-0.01,33.8
x264_slicetype_mb_cost,849.43,10.37,0,0,0,0,0,0,0,0,-0.01,7.8
mc_copy_w8,0,0,-50,100,0,100,0,0,0,0,0.01,14.2
x264_pixel_var_16x16,0,0,0,0,0,0,0,0,0,0,0,33.3
x264_pixel_sad_x4_8x8,1480,11.4,0,0,0,0,0,0,0,0,-0.06,66.7
dequant_4x4,0,100,0,0,0,0,0,0,0,0,-0.01,46.6
x264_pixel_sad_16x8,0,100,0,0,0,0,0,0,0,0,-0.01,46.4
x264_mb_predict_mv,26.97,83.05,0,0,0,0,0,0,0,0,-0.01,44.9
x264_pixel_sad_x3_8x8,1200,10.99,0,0,0,0,0,0,0,0,0,63.6
x264_macroblock_load_pic_pointers,109.81,10.03,0,0,0,0,0,0,0,0,-0.02,25.5
predict_16x16_p,-20,78.33,0,0,0,0,0,0,0,0,-0.02,71.1
x264_mb_predict_mv_ref16x16,55.33,35.76,0,0,0,0,0,0,0,0,0,27.1
deblock_chroma_c,0,0,0,0,0,0,0,0,0,0,0,0
x264_pixel_sad_x4_16x16,1480,11.4,0,0,0,0,0,0,0,0,-0.05,66.7
x264_pixel_satd_8x16,0,0,0,0,0,0,0,0,0,0,-0.03,0
sub4x4_dct_dc,0,0,0,0,0,0,0,0,0,0,0,0
mc_copy_w16,0,0,0,0,0,0,0,0,0,0,-0.01,40
mc_weight_w8,185,55,0,0,0,0,0,0,0,0,-0.01,44.7
x264_mb_predict_mv_direct16x16,33.87,2.48,37.84,13.1,81.58,20.84,3343.34,-22.66,22.23,7.4,0.01,4.1
x264_macroblock_cache_load,138.58,-15.01,0,0,0,0,6375,0,0,0,-0.03,8.3
x264_decimate_score16,0,33.34,0,0,0,0,0,0,0,0,0,33.3
x264_analyse_update_cache,129.96,31.16,0,0,0,0,2773.34,0,0,0,-0.02,0.8
x264_pixel_var_8x8,0,0,0,0,0,0,0,0,0,0,0,33.3
predict_8x8_vr,0,0,0,0,0,0,0,0,0,0,0,33.6
block_residual_write_cabac,0,13.95,0,0,0,0,0,0,0,0,0,6.6
x264_frame_deblock_row,417.24,8.26,0,0,100,33.33,0,0,0,0,0.01,13.4
x264_mb_optimize_chroma_dc,-7.15,61.17,0,0,0,0,0,0,0,0,0,62.8
S_regmatch,1243.75,2.92,0,0,7597.94,-6.19,0,0,0,0,-1.97,1.1
S_find_byclass,474.54,3.63,46.02,18.74,46.02,18.74,0,0,0,0,0.92,0.3
Perl_leave_scope,36.69,-7.52,3.58,18.47,3.58,18.47,0,0,0,0,0.25,1.4
Perl_regexec_flags,923.31,-12.3,38.94,32.54,38.94,32.54,0,0,0,0,0.58,1.8
Perl_save_pushptr,0,0,0,0,0,0,0,0,0,0,0,3
Perl_hv_common,176.04,8.42,0,0,314.87,-6.52,0,0,0,0,-0.11,2.2
Perl_ckwarn,0,0,0,0,0,0,0,0,0,0,0,14.3
Perl_sv_setsv_flags,40.39,31.22,58.52,23.94,58.52,23.94,0,0,0,100,0.03,1.2
Perl_fbm_instr,23.69,47.86,0,0,0,0,0,0,0,0,-0.06,9.7
Perl__to_fold_latin1,0,0,0,0,-50,100,0,0,0,0,0,28.6
Perl_pp_entersub,1306.6,-15.36,27.03,37.61,27.03,37.61,0,0,0,0,0.04,6.9
Perl_pp_multideref,48.19,-9.46,0,37.5,0,37.5,0,0,0,0,0.16,1.5
Perl_pp_nextstate,0,11.11,0,0,0,0,0,0,0,0,0.04,5.1
Perl_pp_match,126.96,-15.26,150,3.33,150,3.33,0,0,0,0,0.08,4.9
Perl_pp_and,0,25.65,0,0,0,0,0,0,0,0,-0.06,13
Perl_re_intuit_start,1343.51,2.92,0,0,-15,32.36,0,0,0,0,-0.02,4.7
Perl_pp_padsv,33.34,58.33,50,66.67,50,66.67,0,0,0,0,0.15,16.4
Perl_sv_clear,27.01,20.19,0,0,12,34.15,0,0,0,0,0,2.6
S_regrepeat,33.15,20.16,0,0,0,0,0,0,0,0,0.01,1.1
Perl_pp_const,0,0,0,0,0,50,0,0,0,0,-0.15,7.7
Perl_ck_warner,50,-25,0,0,0,0,0,0,0,0,0.01,3.6
S_reginclass,0,3.39,0,0,0,0,0,0,0,0,0.01,0.8
Perl_sv_upgrade,14.87,22.93,0,0,105.18,27.16,0,0,0,0,-0.02,4.2
Perl_save_aptr,0,0,0,0,0,0,0,0,0,0,0,0
S_dofindlabel,15.39,9.49,0,0,0,25,0,0,0,0,-0.02,6.5
Perl_runops_standard,0,0,0,0,0,0,0,0,0,0,-0.02,2.2
Perl_foldEQ_latin1,0,44.44,0,0,0,0,0,0,0,0,0.04,21.4
Perl_pp_gv,11.12,77.77,0,100,0,100,0,0,0,0,0.05,26
Perl_do_trans,4333.53,-16.08,408.65,-7.11,408.65,-7.11,0,0,0,0,0.05,0.4
Perl_pp_iter,114.91,10.93,400,-34.28,400,-34.28,0,0,0,0,0.02,9.1
Perl_pp_aassign,18.14,9.62,0,0,0,0,0,0,0,0,0,3.4
Perl_pp_gvsv,-18.75,31.74,0,100,0,100,0,0,0,0,0.1,14.5
S_share_hek_flags,66.67,54.82,0,0,-35.42,61.7,0,0,0,0,-0.02,27
Perl_pp_rv2av,12.56,16.42,0,0,0,0,0,0,0,0,-0.06,5.4
Perl_pop_scope,0,0,0,0,0,0,0,0,0,0,-0.03,0
Perl_pp_padrange,-3.45,14.96,0,0,0,25,0,0,0,0,-0.01,12
Perl_pp_leavesub,20.36,42.55,0,0,163.16,57.68,0,0,0,0,-0.03,20.8
Perl_pp_sassign,12.13,22.03,0,0,0,0,0,0,0,0,0.03,5.5
Perl_pp_subst,1001.59,-10.1,980.86,12.18,980.86,12.18,0,0,36.37,18.18,0.03,7.6
S_pushav,40,27.62,0,0,100,100,0,0,0,0,-0.02,8.6
Perl_sortsv_flags,8.55,2.86,-1.22,15.5,-1.22,15.5,72.73,-3.83,-3.18,12.12,0.05,0.9
Perl_pp_pushmark,0,50,0,0,0,0,0,0,0,0,-0.02,6.4
Perl_pp_method_named,-26.99,35.58,0,0,100,100,0,0,0,0,-0.03,20.5
Perl_pp_cond_expr,0,21.74,0,0,0,0,0,0,0,0,0.01,8.9
S_regcppush,-10.53,35.45,0,0,0,0,0,0,0,25,0.03,25.7
S_setup_EXACTISH_ST_c1_c2,16.5,-2.42,54.55,36.1,54.55,36.1,0,0,0,0,0.04,0.1
Perl_pp_or,0,32.14,0,0,0,0,0,0,0,0,-0.08,10.6
Perl_pp_lc,640.63,-12.62,0,0,162.5,0.99,0,0,0,0,-0.02,5.3
Perl_vivify_ref,41.18,22.79,50,50,50,50,0,0,0,0,0.04,5.6
Perl_sv_grow,4.45,21.65,0,0,115.39,26.92,0,0,0,0,0,7.5
Perl_pp_unstack,8,6.38,0,0,0,0,0,0,0,0,0.06,11.4
Perl_sv_cmp_flags,33.93,3.02,100,5,100,5,2900,0,0,0,0.08,0.3
S_sv_uncow,50,62.5,0,0,157.15,19.05,0,0,0,0,0,37.2
Perl_sv_free2,0,0,0,0,0,0,0,0,0,0,0.01,0
Perl_sv_force_normal_flags,0,0,0,0,0,0,0,0,0,0,0.12,0
Perl_pp_leave,21.22,30.98,0,0,0,0,0,0,0,0,-0.05,10.7
Perl_sv_catpvn_flags,15.31,14.13,0,0,81.82,11.36,0,0,0,0,-0.01,4.8
Perl_pp_enter,-10,3.34,0,6.25,0,6.25,0,0,0,0,0.03,10.6
S_backup_one_WB,0,0,0,0,0,0,0,0,0,0,0,0
S_softref2xv_lite,0,40,0,0,0,0,0,0,0,0,-0.06,2.9
Perl_safesysfree,0,0,0,0,0,0,0,0,0,0,0,0
Perl_free_tmps,0,33.34,0,0,0,0,0,0,0,0,0,16.7
Perl_sv_eq_flags,40.39,3.54,95.46,3.7,95.46,3.7,2700,0,0,0,0.03,0.2
Perl_pp_concat,444.92,-3,0,0,333.34,-3.59,0,0,0,0,0,8.1
Perl_hfree_next_entry,232.79,18.37,0,0,400,24,0,0,0,0,-0.01,4.5
S_study_chunk,907.06,1.06,6.37,-4.37,84.81,7.93,0,0,0,0,-0.01,2.7
S_matcher_matches_sv,0,0,0,0,0,0,0,0,0,0,0,0
Perl_hv_iternext_flags,5.13,47.6,0,0,18.19,15.03,0,0,0,0,-0.02,3.6
Perl_pp_padav,24.53,41.08,0,0,100,100,0,0,0,0,-0.02,14.6
Perl_pp_split,460.32,-5.99,0,0,47.83,-3.71,0,0,0,0,-0.01,4.7
Perl_pp_null,0,0,0,0,0,0,0,0,0,0,0.03,0
Perl_pp_seq,0,50,0,0,0,0,0,0,0,0,-0.04,10.5
Perl_pp_defined,40,-16.32,0,0,0,0,0,0,0,0,0,6.2
S_regcppop,55,48.88,60,62.5,60,62.5,0,0,0,37.5,0.02,44.3
Perl_pp_grepwhile,5.5,24.44,0,16.66,0,16.66,0,0,0,33.33,0.02,10.2
MD5Transform,0,0.5,0,0,0,0,0,0,0,0,-0.01,10.6
Perl_push_scope,0,0,0,0,0,0,0,0,0,0,0,0
S_concat_pat,212.43,15.2,0,0,225,35.58,1575,0,0,0,-0.02,3.9
Perl_av_fetch,0,34.48,0,0,0,0,0,0,0,0,-0.03,11.7
Perl_pp_return,4.25,18.3,0,0,90.33,43.85,0,0,0,0,-0.02,7.5
Perl_foldEQ,0,44.44,0,0,0,0,0,0,0,0,-0.01,21.4
S_cleanup_regmatch_info_aux,0,5.4,0,0,0,0,0,0,0,0,0.08,2.4
Perl_sv_setpvn,22.5,9.65,0,0,38.47,-1.71,0,0,0,0,-0.23,11.8
Perl_av_store,6.39,12.4,0,0,0,20,0,0,0,0,-0.01,5.1
S_opmethod_stash,146.84,3.6,0,0,671.43,30.16,0,0,0,0,0,1.7
S_find_and_forget_pmops,0,0,0,0,0,0,0,0,0,0,0.01,1.8
Perl_pp_leaveloop,15,32.07,0,0,0,0,0,0,0,0,-0.04,11.6
S_regatom,201.33,4.82,0,0,52.57,23.36,0,0,0,0,-0.01,0.2
S_leave_common,5.27,24.21,66.67,-40,66.67,-40,0,0,0,0,0.02,0.5
Perl_mg_get,-17.95,39.98,0,0,-27.28,63.63,0,0,0,0,-0.02,8
Perl_pp_push,1.86,26.57,0,0,0,0,0,0,0,0,0.01,10.8
Perl_pp_preinc,46.67,68.48,0,0,0,0,0,0,0,0,0.12,23.9
S_hsplit,13.8,25.39,0,0,4.17,29.83,0,0,0,0,0,14.8
S_reg,95.36,-3.23,0,0,-2.66,12.8,0,0,0,0,0,-0.1
Perl_mg_find,0,50,0,0,0,0,0,0,0,0,0,35.5
Perl_newSV,75,35.72,50,58.34,50,58.34,1500,0,0,0,0.01,4.1
Perl_pp_sort,19.18,19.8,29.86,31.99,29.86,31.99,0,0,0,0,0.01,4.4
Perl_sv_setiv,0,0,0,0,28.58,9.52,0,0,0,0,-0.01,0.1
S_cv_clone,86.84,6.45,254,6.76,254,6.76,0,0,0,0,0.03,12.3
Perl_pp_enteriter,116.67,48.16,0,10,0,10,0,0,0,0,0.02,13.8
Perl_save_strlen,0,0,0,0,0,27.27,0,0,0,0,0,12.1
Perl_pp_gt,42.11,75.24,0,0,0,0,0,0,0,0,-0.03,23.9
S_gv_fetchmeth_internal,347.18,21,92.31,41.84,92.31,41.84,0,0,0,0,0.02,9.3
Perl_sv_2mortal,0,0,0,0,-50,100,0,0,0,0,0,7.3
S_reg_set_capture_string,29.37,23.9,7.15,24.28,7.15,24.28,0,0,0,0,0.02,15
Perl_pp_shift,0,16.66,0,0,0,0,0,0,0,0,-0.01,5.3
Perl_gv_fetchmethod_pvn_flags,0,6.79,0,0,0,0,0,0,0,0,0,0.4
df_worklist_dataflow,16.02,58.76,925.51,-9.68,0,0,0,0,0,0,0.37,23
bitmap_set_bit,67.78,16.33,0,0,0,0,0,0,0,0,-0.21,0
bitmap_bit_p,75,25,0,0,0,0,0,0,0,0,0,0
df_note_compute,206.96,-5.38,0,0,0,0,0,0,0,0,0.12,0
bitmap_ior_into,68.8,48.02,0,0,0,0,-33.34,-33.34,0,0,-0.63,0
fast_dce,-11.68,25.48,0,0,0,0,0,0,0,0,0,0
bitmap_copy,85.72,19.68,0,0,0,0,0,0,0,0,-0.16,0
bitmap_and,115.18,37.93,0,0,0,0,0,0,0,0,0.02,0
df_lr_bb_local_compute,360.56,5.49,1427.78,-8.29,0,0,0,0,0,0,0.22,22.6
find_reg_note,0,0,0,0,0,0,0,0,0,0,0,0
et_splay,593.97,72.37,0,0,0,0,0,0,0,0,0.05,0
sched_analyze_insn,2.73,10.54,0,0,0,0,0,0,0,0,-0.01,0
bitmap_ior_and_compl,208.14,6.19,0,0,0,0,0,0,0,0,-0.01,0
bitmap_and_into,61.3,50.95,0,0,0,0,-33.34,-33.34,0,0,-0.06,0
df_live_bb_local_compute,245.21,-2.74,150,64.29,0,0,0,0,0,0,0.1,28.9
rtl_split_edge,-1.89,39.93,0,0,0,0,0,0,0,0,-0.03,0
cleanup_cfg,612.46,-23.47,852,39.03,20.84,12.5,0,0,0,100,0.08,7.3
df_simulate_one_insn_forwards,67.65,23.84,0,0,0,0,0,0,0,0,-0.12,0
bitmap_elt_ior,10.43,10.56,0,0,0,0,0,0,0,0,-0.03,0
find_unreachable_blocks,23.53,75.26,0,0,0,0,0,0,0,0,-0.03,0
bitmap_clear_bit,12.7,30.05,0,0,0,0,0,0,0,0,0.02,0
gsi_start_phis,0,80,0,0,0,0,0,0,0,0,0,0
calc_dfs_tree_nonrec,50.25,50.43,609.22,84.42,72,48,0,0,0,100,0.06,19.9
inverted_post_order_compute,71.98,34.27,31.29,-9.12,0,16.67,0,0,0,0,0.14,18.7
calc_idoms,350.48,59.5,0,0,0,0,0,0,0,0,0.03,0
regstat_compute_ri,161.48,2.89,0,0,0,0,0,0,0,0,-0.08,0
init_alias_analysis,-11.53,9.73,9.73,9.24,0,15.38,0,0,0,0,0.01,10.8
post_order_compute,35.16,56.3,0,0,0,0,0,0,0,0,-0.05,0
df_reorganize_refs_by_reg,55.91,23.55,0,0,0,0,0,0,0,0,-0.04,0
extract_insn,7.7,41.48,0,0,0,0,222.23,0,0,0,-0.05,0
sbitmap_a_or_b,42.11,38.2,0,0,0,0,0,0,0,0,0,0
ira,11.33,24.07,569.17,-6.4,0,35.09,0,0,0,0,0.03,3.5
bitmap_clear,0,20,0,0,0,0,0,0,0,0,0,0
single_def_use_enter_block,39.64,21.02,1883.75,-16.23,0,75,0,0,0,0,0.04,15.9
rest_of_handle_dse,79.59,-7.23,210.9,9.69,86.96,-2.23,0,0,0,0,0.03,2.4
compare_values_warnv,-8.34,42.25,0,0,0,0,0,0,0,0,-0.03,0
pool_alloc,36,9.06,0,0,0,0,0,0,0,0,-0.01,0
perform_tree_ssa_dce,304.66,-22.08,498.67,14.7,120.2,-12,0,0,0,0,0.04,2.6
constrain_operands,9.66,13.81,185.99,21.85,-9.1,17.72,500,-41.66,0,0,0.02,6.1
vrp_visit_phi_node,71.17,17.74,234.7,55.78,928.58,-55.81,0,0,0,39.28,0.06,7.3
htab_find_slot_with_hash,45.46,-6.11,0,0,0,0,0,0,0,0,-0.13,0
df_live_confluence_n,0,73.13,0,0,0,0,0,0,0,0,-0.03,0
record_reg_classes,149.81,-3.14,545.61,-33.36,14.29,30.95,-4.35,-2.97,0,0,0.01,6.9
process_bb_node_lives,72.49,0.22,0,0,0,0,3464.52,-21.95,0,0,-0.01,0
execute_pre,116.31,9.07,609.94,11.53,14.08,22.28,0,0,418.52,-5,0.12,4.6
bitmap_obstack_free,50,19.44,0,0,0,0,0,0,0,0,0,0
gimplify_expr,956.42,-2.9,0,0,0,0,0,0,0,0,0.02,-0.1
ssa_propagate,21.89,19.1,0,0,0,0,0,0,0,0,-0.02,0
tree_int_cst_lt,0,52.73,0,0,0,0,0,0,0,0,0.01,0
df_ref_create_structure,154.55,71.26,0,50,-9.1,27.27,0,0,0,0,0.03,15.5
cse_insn,702.59,-0.81,1010.81,-11.43,10.45,3.05,1309.53,-26.55,-4,0,0.07,1
remove_unused_locals,839.57,-23.22,706.52,14.53,60,40,0,0,0,0,0.05,8.7
any_condjump_p,0,71.42,0,0,0,0,0,0,0,0,0,0
shorten_branches,-0.86,7.84,0,0,0,0,0,0,0,0,-0.02,0
mark_jump_label_1,51.86,58.26,0,0,0,0,0,0,0,0,-0.07,0
rewrite_update_enter_block,22.87,30.88,652.39,67.53,141.87,14.64,0,0,0,0,0.06,5.8
df_simulate_one_insn_backwards,10.3,35,0,0,0,0,0,0,0,0,-0.02,0
delete_unmarked_insns,4.09,51.2,0,0,0,0,0,0,0,0,0.01,0
compute_idf,47.62,67.03,0,0,0,0,0,0,0,0,-0.01,0
run_scc_vn,103.55,21.23,905.03,-26.28,1464.52,-55.44,0,0,0,0,0.06,10.5
ggc_alloc_stat,36.56,26.3,0,0,0,0,0,0,0,0,-0.05,0
df_live_transfer_function,0,29.69,0,0,0,0,0,0,0,0,0,0
mark_all_vars_used_1,37.5,47.73,0,0,0,0,0,0,0,0,0.03,7.6
vrp_meet,3.55,27.71,0,0,69.24,46.15,0,0,0,65.21,0.04,3.1
fold_binary_loc,47.79,-2.65,0,0,0,0,0,0,0,0,0.1,0
df_simulate_defs,0,84.61,0,0,0,0,0,0,0,0,0,0
spec_qsort,127.87,12,0,0,0,0,-4.17,0,0,0,-0.02,0
graphds_dfs,74.53,66.47,0,0,0,0,1400,0,0,0,0,0
last_stmt,0,50,0,0,0,0,0,0,0,0,0,0
hash_rtx_cb,50.91,-7.24,0,0,0,0,0,0,0,0,-0.02,0
regstat_compute_calls_crossed,402.17,-2.04,1244.45,10.61,0,0,0,0,0,0,0.02,18.5
df_ref_compare,0,34.18,0,0,0,0,0,0,0,0,-0.01,0
tree_strip_sign_nop_conversions,17.4,35.21,0,0,0,0,0,0,0,0,-0.01,0
df_ref_equal_p,-21.96,51.12,0,0,0,0,0,0,0,0,0.02,18.2
may_trap_p_1,-0.44,6.15,0,0,0,0,0,0,0,0,-0.02,0
vinsn_create,24,17.61,6.82,31.72,16.67,33.33,0,0,0,80,0.03,9.6
rebuild_jump_labels,-9.16,13.77,35.36,27.51,0,0,0,0,0,0,0.04,2.6
delete_trivially_dead_insns,-18.89,27.79,0,0,0,0,0,0,0,0,-0.02,0
df_simulate_fixup_sets,0,30,0,0,0,0,0,0,0,0,0,0
bb_note,0,85.71,0,0,0,0,0,0,0,0,0,0
walk_tree_1,7.85,28.47,0,0,0,0,0,0,0,0,-0.01,0
df_ref_change_reg_with_loc_1,186.8,51.82,0,0,0,0,0,0,0,0,-0.02,0
substitute_and_fold,41.53,9.75,0,0,0,0,0,0,0,0,0,0
note_stores,-4.77,36.42,0,0,0,0,0,0,0,0,-0.01,0
next_active_insn,0,80,0,0,0,0,0,0,0,0,0,0
prescan_insns_for_dce,-31.74,38.04,0,0,0,0,0,0,0,0,-0.03,0
count_reg_usage,-2.5,39.49,22.23,26.06,0,0,0,0,0,0,0.03,2.7
simulate_stmt,67.93,6.32,0,0,0,0,0,0,0,0,-0.06,0
flow_loops_find,78.49,54.49,0,0,0,0,0,0,0,0,-0.05,0
for_each_rtx_1,-9.1,55,0,0,0,0,0,0,0,0,0.01,0
execute_vrp,508.88,-15.68,281.26,14.74,9.1,28.46,0,0,0,100,0.03,5.2
reload,12.08,10.84,0,0,0,0,3800,-6.49,0,0,-0.03,0
side_effects_p,0,83.33,0,0,0,0,0,0,0,0,-0.05,0
noop_move_p,0,34.78,0,0,0,0,0,0,0,0,0.02,0
df_compact_blocks,56,48.93,0,0,0,0,0,0,0,0,0.04,0
df_lr_confluence_n,0,73.53,0,0,0,0,0,0,0,0,0,0
cleanup_tree_cfg_bb,193.54,-1.76,0,0,0,0,0,0,0,0,-0.1,0
gimple_call_flags,33.34,81.48,0,0,0,0,0,0,0,0,0.05,22.8
operand_equal_p,25.03,27.73,200,66.67,0,0,0,0,0,0,0.07,4.9
df_insn_refs_collect,0.76,28.27,0,0,0,0,0,0,0,0,-0.04,0
thread_across_edge,158.97,-0.83,246.36,74.37,25,70.72,0,0,0,0,0.01,4.8
pre_and_rev_post_order_compute,-1.42,56.45,0,0,0,0,0,0,0,0,-0.01,0
rest_of_handle_gcse2,53.82,20.23,0,0,0,0,0,0,0,0,0.03,0
is_gimple_min_invariant,0,50,0,0,0,0,0,0,0,0,0,0
ix86_decompose_address,9.04,1.13,0,0,0,0,0,0,0,0,0,0
prologue_epilogue_contains,0,10.53,0,0,0,0,0,0,0,0,0.01,0
df_uses_record,-6.21,63.23,98.64,55.97,0,0,0,0,0,0,0.02,5.1
calculate_dominance_info,100.76,38.38,172.73,66.52,0,40,0,0,0,0,0.06,17.4
update_ssa,20.49,10.08,0,0,0,0,0,0,0,0,-0.01,0
split_all_insns,-13.73,43,0,0,0,0,0,0,0,0,-0.02,0
df_ref_record,23.81,51.28,0,0,0,0,0,0,0,0,-0.09,0
bitmap_obstack_alloc_stat,0,2.56,0,0,0,0,0,0,0,0,0,0
find_reloads,45.96,0.88,124.88,-11.37,4.13,11.83,0,0,0,0,0.09,0.9
mark_irreducible_loops,-1.1,60.37,0,0,0,0,0,0,0,0,0.08,0
pool_free,0,0,0,0,0,0,0,0,0,0,0,0
cselib_invalidate_regno,241.18,-3.36,0,0,0,0,0,0,0,0,0.04,0
et_set_father,376.48,64.78,0,0,0,0,0,0,0,0,-0.02,0
df_simulate_uses,0,76.92,0,0,0,0,0,0,0,0,0,0
deps_analyze_insn,11.83,15.49,0,0,0,0,0,0,0,0,0,0
mark_control_dependent_edges_necessary,9.88,55.42,0,0,0,0,0,0,0,0,-0.01,0
cse_main,183.9,-10.85,0,0,0,0,455.56,15.33,0,0,-0.11,0
avoid_constant_pool_reference,0,50,0,0,0,0,0,0,0,0,-0.02,0
sched_analyze_2,7.8,20.86,351.22,22.96,0,0,0,0,0,0,0.03,3.3
df_insn_delete,384.77,-11.47,0,0,0,0,0,0,0,0,-0.01,0
invalidate,258.39,-22.13,0,0,0,0,0,0,0,0,0.02,0
reload_cse_simplify_operands,25.96,10.92,0,0,0,0,0,0,0,0,-0.01,0
df_chain_create_bb_process_use,91.14,22.41,0,0,0,0,0,0,0,0,0.03,0
process_bb_for_costs,10.33,16.21,0,0,0,0,0,0,0,0,0.01,0
mark_dfs_back_edges,35.52,43.8,0,0,0,0,0,0,0,0,0.01,0
df_md_local_compute,12.41,40.29,390.08,-11,0,33.33,0,0,0,0,0.01,15.9
rest_of_handle_combine,26.82,14.93,0,0,0,0,0,0,0,0,0,0
process_defs,46.88,41.95,85.72,50.55,0,0,0,0,0,0,0.02,13.7
df_install_ref,200,40.84,0,0,0,0,0,0,0,0,-0.05,0
fold_comparison,86.16,3.28,0,0,0,0,0,0,0,0,-0.03,-0.1
fold_convert_loc,0,20.35,0,0,0,0,0,0,0,0,-0.01,-1.2
next_nonnote_insn,0,100,0,0,0,0,0,0,0,0,0,0
maybe_canonicalize_comparison_1,5,37.03,0,0,0,0,0,0,0,0,-0.01,0
dominated_by_p,0,58.98,0,0,0,0,0,0,0,0,0,0
iterative_hash_expr,6.76,14.11,0,0,0,0,0,0,0,0,-0.09,0
is_gimple_reg,-18.19,36.36,0,0,0,0,0,0,0,0,0.01,16
volatile_refs_p,0,83.33,0,0,0,0,0,0,0,0,-0.06,0
df_md_bb_local_compute_process_def,0,33.34,0,0,0,0,0,0,0,0,-0.01,0
note_uses,0,31.82,0,0,0,0,0,0,0,0,-0.01,0
df_simulate_initialize_backwards,0,54.84,0,0,0,0,0,0,0,0,0,0
remove_from_deps,200,-6.57,0,0,0,0,0,0,0,0,-0.01,0
push_allocno_to_stack,278.61,-11.4,0,0,0,0,0,0,0,0,-0.02,0
compute_dominance_frontiers,-4.59,27.11,0,0,0,0,0,0,0,0,0.07,0
connect_infinite_loops_to_exit,-0.92,38.25,0,0,0,0,0,0,0,0,-0.03,0
copyprop_hardreg_forward,25.24,25.66,0,0,0,0,1930,-47.53,0,0,-0.03,0
gimple_expand_cfg,183.9,5.62,465.72,3.25,239.35,-22.13,0,0,0,0,0.03,5.1
rest_of_clean_state,0,0,0,0,0,0,0,0,0,0,-0.02,0
integer_zerop,9,33.98,195,41.36,0,0,0,0,0,0,0.04,10.9
tree_strip_nop_conversions,0,50.77,0,0,0,0,0,0,0,0,0,0
add_control_edge,88.89,30.94,0,0,0,0,0,0,0,0,0.01,19.7
free_deps,0,51.85,0,0,0,0,0,0,0,0,0.06,0
gimple_redirect_edge_and_branch,247.1,10.21,42.28,-5.23,-9.1,27.27,0,0,0,0,0.01,6.4
compact_blocks,97.15,59.79,-30,100,75,87.5,0,0,0,100,0.05,38
rest_of_handle_final,161.3,11.98,0,0,0,0,0,0,0,0,0,-1.9
bitmap_first_set_bit,0,100,0,0,0,0,0,0,0,0,0.09,9.5
asm_noperands,0,12.07,0,0,0,0,0,0,0,0,0.01,0
bitmap_ior_and_into,188.76,47.3,0,0,0,0,0,0,0,0,-0.02,0
dom_opt_enter_block,90.58,-0.08,122.1,37.7,908,-13.65,0,0,0,0,0.05,2.2
assign_dfs_numbers,22.23,100,0,100,-25,75,0,0,0,0,0.01,16.7
cleanup_dead_labels,1543.06,-27.12,0,0,0,0,0,0,0,0,0,0
insn_extract,-12.87,8.37,0,0,0,0,0,0,0,0,0,0
gimple_purge_dead_eh_edges,0,46.16,0,0,0,0,0,0,0,0,-0.04,0
forwarder_block_p,-23.08,58.26,0,0,0,0,0,0,0,0,-0.02,0
copy_rtx_if_shared_1,86.49,69.09,0,0,0,0,0,0,0,0,0,0
simplify_const_relational_operation,-6.38,6.94,0,0,0,0,0,0,0,0,0,0
prepare_block_for_update,-2.82,43.51,260.53,72.47,0,0,0,0,0,0,0.03,13.4
execute_build_cfg,394.66,-22.23,316.71,-3.01,1060.61,-59.88,0,0,0,0,0.03,2
rest_of_handle_peephole2,87.81,14.65,0,0,0,0,0,0,0,0,-0.03,0
rest_of_handle_ud_dce,20.77,23.39,0,0,0,0,0,0,0,0,-0.01,0
tree_int_cst_compare,0,0,0,0,0,0,0,0,0,0,0,0
rtx_equal_p,-3.07,42.69,0,0,0,0,0,0,0,0,-0.09,0
general_operand,4.47,17.86,0,0,0,0,0,0,0,0,0,0
validate_change_1,91.67,66.31,0,0,0,0,0,0,0,0,-0.04,0
cached_nonzero_bits,0,61.91,0,0,0,0,0,0,0,0,0,0
next_dom_son,0,90,0,0,0,0,0,0,0,0,0,0
_succ_iter_cond,5.92,9.82,26.17,20.04,-10,46.67,0,0,0,0,0.01,7.9
rtx_cost,110,22.74,0,0,0,0,0,0,0,0,0.01,0
try_bitmap_cache,0,75,0,0,0,0,0,0,0,0,0.01,12.1
insn_default_latency,0,0,0,0,0,0,0,0,0,0,-0.03,0
_succ_iter_cond,5.92,9.82,26.17,20.04,-10,46.67,0,0,0,0,0.01,7.9
df_refs_verify,22.23,45.46,0,0,0,0,0,0,0,0,-0.01,0
internal_state_transition,0,37.59,0,0,0,0,0,0,0,0,-0.05,0
preprocess_constraints,12.5,8.49,0,0,0,0,0,0,0,0,0.02,0
reg_set_to_hard_reg_set,0,75,0,0,0,0,0,0,0,0,0,0
find_best_expr,34.99,5.81,0,0,0,0,0,0,0,0,0.01,0
fill_vec_av_set,321.71,-4.57,0,0,0,0,8133.34,0,0,0,0,0
walk_aliased_vdefs_1,0,67.85,0,0,0,0,0,0,0,0,0,0
sched_scan,29.33,20.3,0,0,0,0,0,0,0,0,0,0
get_all_dominated_blocks,27.66,56.03,0,0,0,0,0,0,0,0,0.02,0
execute_update_addresses_taken,52.1,33.73,0,0,0,0,0,0,0,0,-0.02,0
coalesce_ssa_name,80.13,-17.06,212.7,15,786.05,-59.83,0,0,0,100,0.01,4.1
df_chain_finalize,359.48,-1.16,0,0,0,0,0,0,0,0,0.03,0
lookup_constraint,0,0,0,0,0,0,0,0,0,0,-0.01,0
df_lr_transfer_function,0,71.42,0,0,0,0,0,0,0,0,-0.01,0
cselib_lookup_1,248.34,-13.96,16.67,66.66,0,100,0,0,0,0,0.06,9.9
subst,-4.46,27.32,0,0,0,0,0,0,0,0,-0.02,0
optimize_bb_for_speed_p,0,15.15,0,0,0,0,0,0,0,0,0,0
moveup_expr_cached,4.87,28.23,0,0,0,0,0,0,0,0,0.01,0
sreal_mul,100,100,0,0,0,0,0,0,0,0,0,0
expand_vector_operations,148.97,1.94,0,0,0,0,0,0,0,0,-0.01,0
df_chain_remove_problem,153.24,12.79,0,0,0,0,0,0,0,0,0.03,0
finish_spills,1.41,11.81,0,0,0,0,0,0,0,0,-0.02,0
rest_of_pass_free_cfg,0,0,0,0,0,0,0,0,0,0,-0.01,0
tree_ssa_strip_useless_type_conversions,0,40,0,0,0,0,0,0,0,0,0,0
alloc_INSN_LIST,0,0,0,0,0,0,0,0,0,0,0,0
free_INSN_LIST_list,45.46,32.38,0,0,0,0,0,0,0,0,0,0
memory_operand,0,0,0,0,0,0,0,0,0,0,0,0
record_set,0,31.58,-50,100,-50,100,0,0,0,0,0.05,13.2
mark_insn,152.18,25.41,0,0,0,0,0,0,0,0,-0.03,0
df_set_bb_dirty,80,100,0,0,0,0,0,0,0,0,0,0
refers_to_regno_p,-8.11,26.23,0,0,0,0,0,0,0,0,-0.02,0
recog_32,7.62,0.97,0,0,0,0,0,0,0,0,-0.09,0
bitmap_equal_p,0,50,0,0,0,0,0,0,0,0,0,0
df_insn_rescan,811.95,-1.75,0,0,0,0,0,0,0,0,0.03,0
evaluate_stmt,9.8,35.41,0,0,0,0,0,0,0,0,0,0
find_func_aliases,218.04,8.75,0,0,0,0,0,0,0,0,-0.02,0
final_scan_insn,2.43,9.26,0,0,0,0,0,0,0,0,-0.02,0
advance_one_cycle,1.12,23.63,0,0,0,0,0,0,0,0,0.02,0
df_bb_refs_record,683.51,11.76,0,0,0,0,0,0,0,0,0,0
bitmap_find_leader,5.64,51.32,0,0,0,0,0,0,0,0,-0.02,0
df_reorganize_refs_by_insn_bb,4.66,24.09,0,0,0,0,0,0,0,0,0.01,0
et_split,79.42,64.66,0,0,61.54,69.23,0,0,0,0,0.01,28.8
htab_expand,16,18.94,300,97.23,0,0,0,0,0,0,0.04,13.6
calc_dfs_tree,19.53,71.84,0,0,0,0,0,0,0,0,0,0
iterate_fix_dominators,35.15,23.69,0,0,0,0,0,0,0,0,-0.01,0
df_rd_local_compute,33.74,26.44,0,0,0,0,0,0,0,0,-0.01,0
find_costs_and_classes,5.28,7.87,0,0,0,0,0,0,0,0,0.02,0
df_get_bb_dirty,0,100,0,0,0,0,0,0,0,0,0,0
set_noop_p,3.71,16.8,0,0,0,0,0,0,0,0,0.06,6.7
copy_expr,20.13,23.41,0,0,0,0,0,0,0,0,-0.01,0
av_set_iter_remove,-25,66.67,-20,20,100,100,0,0,0,0,0.02,23.4
nonzero_bits1,-9.69,43.64,0,0,0,0,0,0,0,0,0,0
insn_contains_asm_1,0,100,0,0,0,0,0,0,0,0,-0.02,0
twoval_comparison_p,32.5,78.12,0,0,0,0,0,0,0,0,0,0
confirm_change_group,26.67,24.56,-16.67,0,0,100,0,0,0,0,0.01,25.8
cselib_process_insn,15.53,10.5,0,0,0,0,0,0,0,0,-0.08,0
bitmap_clear_range,44.6,48.78,0,0,0,0,0,0,0,0,-0.04,0
sched_analyze_reg,1.87,-0.39,0,0,0,0,0,0,0,0,0.01,0.7
extract_asm_operands,0,70,0,0,0,0,0,0,0,0,0,0
canonicalize_float_value,0,11.22,0,0,0,0,0,0,0,0,-0.01,0
insn_nothrow_p,0,6.25,0,0,0,0,0,0,0,0,0.04,1.6
walk_stmt_load_store_addr_ops,19.25,20.82,0,0,0,0,0,0,0,0,0.02,0
canon_reg,0,32.56,5.56,10.53,0,0,0,0,-20,0,0.03,3.9
mark_block_for_update,27.78,38.16,0,0,0,0,0,0,0,0,-0.01,0
df_refs_add_to_chains,32.81,38.68,0,0,0,0,0,0,0,0,0.03,0
bitmap_and_compl_into,72.35,45.39,0,0,0,0,-33.34,-33.34,0,0,-0.03,0
df_def_record_1,-21.22,45.8,0,0,0,0,0,0,0,0,0.03,7.4
combine_simplify_rtx,51.44,2.29,0,0,0,0,0,0,0,0,-0.02,0
compare_range_with_value,9.9,31.25,0,0,0,0,0,0,0,0,-0.01,0
pointer_set_insert,20.69,17.83,75,71.43,0,0,0,0,0,0,0.04,11.1
df_rd_bb_local_compute_process_def,0,36,0,0,0,0,0,0,0,0,0.02,0
potentially_threadable_block,0,35.29,0,0,0,0,0,0,0,0,0,0
code_motion_path_driver,447.75,-27.11,0,0,0,0,0,0,0,0,0,0
elimination_effects,2.26,12.04,0,0,0,0,1142.86,-6.57,0,0,0.01,0
insn_line,0,0,0,0,0,0,0,0,0,0,-0.02,0
copy_prop_visit_stmt,16.38,11.03,-15.79,18.75,0,0,0,0,0,0,0.02,4.3
mark_def_interesting,93.79,1.94,0,0,0,0,0,0,0,0,0.01,0
fill_insns,322.64,-21.53,1591.12,-18.43,1093.75,-48.56,0,0,0,0,0.03,5.9
set_allocno_live,6.07,43.75,0,0,0,0,0,0,0,0,0,0
add_copies,13.9,21.78,0,0,0,0,0,0,0,0,-0.02,0
create_loop_tree_node_allocnos,-6.07,42.71,0,0,0,0,0,0,0,0,0,0
process_bb_node_for_hard_reg_moves,21.52,53.74,0,0,0,0,0,0,0,0,0,0
insert_updated_phi_nodes_for,59.58,13.68,0,0,0,0,0,0,0,0,-0.01,0
delete_unreachable_blocks,10.35,24.56,5,7.86,0,0,0,0,0,0,0.04,4.3
init_dom_info,780,68.64,0,0,0,0,0,0,0,0,-0.01,0
walk_dominator_tree,96.8,53.17,0,0,0,0,0,0,0,0,-0.05,0
blocks_in_phiopt_order,242.43,-14.11,0,0,0,0,0,0,0,0,-0.01,0
tree_ssa_forward_propagate_single_use_vars,1587.09,-25.32,0,0,0,0,0,0,0,0,-0.04,0
if_convert,73.84,-6.08,0,0,0,0,0,0,0,0,-0.05,0
propagate_freq,272.49,-1.91,95.62,5.56,0,40,0,0,0,0,0.01,8.8
reload_cse_regs_1,-14.29,32.44,0,0,0,0,0,0,0,0,-0.01,0
cleanup_barriers,0,25,0,0,0,0,0,0,0,0,0,0
fwprop_addr,51.86,77.87,0,0,0,0,0,0,0,0,0,0
regmove_optimize,56.25,15.05,0,0,0,0,5200,0,0,0,0.02,0
reload_cse_regs,1.36,21.02,0,0,0,0,5100,-58.84,0,0,0.01,0
ix86_rtx_costs,5.21,37.11,0,0,0,0,0,0,0,0,-0.02,0
get_attr_memory,0,0,0,0,0,0,0,0,0,0,0.02,0
tree_int_cst_equal,0,53.34,0,0,0,0,0,0,0,0,-0.03,0
xmalloc,0,0,0,0,0,0,0,0,0,0,-0.01,0
tree_swap_operands_p,0,23.81,0,0,0,0,0,0,0,0,-0.02,0
df_sort_and_compress_refs,-5.8,15.43,0,0,0,0,0,0,0,0,-0.06,0
needs_to_live_in_memory,0,0,0,0,0,0,0,0,0,0,0,0
get_immediate_dominator,0,87.5,0,0,0,0,0,0,0,0,0,0
htab_find_with_hash,-9.44,47.16,0,0,0,0,0,0,0,0,0,0
first_dom_son,0,100,0,0,0,0,0,0,0,0,0,0
sched_insns_conditions_mutex_p,0,7.77,0,0,0,0,0,0,0,0,0,0
check_mem_read_rtx,210.34,-32.57,263.53,16.04,3.58,18.23,0,0,0,0,0.04,5.5
cached_num_sign_bit_copies,0,61.91,0,0,0,0,0,0,0,0,-0.02,0
floor_log2,0,0,0,0,0,0,0,0,0,0,0,0
sched_analyze_1,1.59,17.07,0,0,0,0,0,0,0,0,0,0
rescan_loop_exit,27.82,32.03,135.49,59.53,50,81.25,0,0,0,0,0.02,18.5
make_node_stat,31.58,-1.9,44.45,-3.42,0,0,0,0,0,0,0.03,3.3
def_blocks_eq,0,100,0,0,0,0,0,0,0,0,0.02,26.6
build_int_cst_wide,12.5,29.17,0,0,0,0,0,0,0,0,-0.01,0
get_expr_value_id,0,33.33,0,0,0,0,0,0,0,0,-0.02,0
compress,-3.85,84.46,0,0,0,0,0,0,0,0,-0.03,0
linemap_lookup,0,60,0,0,0,0,0,0,0,0,0,0
avail_expr_hash,0,4.54,0,0,0,0,0,0,0,0,0.01,0
dep_cost_1,0,50,0,0,0,0,0,0,0,0,0,0
mark_operand_necessary,6.07,38.44,0,0,0,0,0,0,0,0,0.05,17.7
mostly_copy_tree_r,0,100,0,0,0,0,0,0,0,0,0,0
compute_av_set_inside_bb,34.18,-2.45,0,0,0,0,0,0,0,0,0.01,0
sd_find_dep_between_no_cache,0,29.8,0,0,0,0,0,0,0,0,0,0
compute_av_set_at_bb_end,128.17,-9.85,0,0,0,0,0,0,0,0,0,0
update_stmt_operands,307.34,-22.91,10.44,30.62,100,23.91,0,0,0,0,0.05,4.3
record_value_for_reg,30.49,33.51,0,0,0,0,1000,0,0,0,-0.03,0
remove_insn,-1.64,10.32,0,0,0,0,0,0,0,0,-0.03,0
extract_true_false_edges_from_block,16.67,100,0,0,0,0,0,0,0,0,0,0
cselib_invalidate_mem,261.06,-16.2,0,0,0,0,0,0,0,0,-0.01,0
simplify_subreg,30.45,18.21,84.12,26.52,182.61,11.1,0,0,0,0,0.01,2.8
create_insn_allocnos,0,7.55,0,0,0,0,0,0,0,0,0,0
ssa_redirect_edge,0,60.98,172.73,87.57,0,0,0,0,0,0,0.01,15.1
visit_use,1198.09,17.28,0,0,0,0,0,0,0,0,-0.02,0
_cpp_clean_line,61.08,18.92,0,0,0,0,0,0,0,0,0.01,0
vrp_visit_stmt,2.18,26.45,0,0,0,0,0,0,0,0,-0.01,0
vn_reference_lookup,3.34,24.3,0,0,0,0,0,0,0,0,-0.02,0
dse_enter_block,406.82,-2.04,0,0,0,0,0,0,0,0,0,0
first_stmt,0,50,0,0,0,0,0,0,0,0,0,0
split_bbs_on_noreturn_calls,62.17,58.61,0,0,0,0,0,0,0,0,0.01,0
simplify_shift_const_1,350.86,39.19,0,0,0,0,0,0,0,0,0,0
gimple_alloca_call_p,0,0,0,0,0,0,0,0,0,0,0,0
mark_def_sites_block,46.61,12.34,0,0,0,0,0,0,0,0,-0.01,0
keep_with_call_p,20.46,48.97,0,0,0,0,0,0,0,0,0.01,17.9
sched_rgn_compute_dependencies,25.79,13.57,0,0,0,0,0,0,0,0,-0.02,0
df_simulate_find_defs,0,84.61,0,0,0,0,0,0,0,0,0,0
build_allocno_conflicts,-2.41,48.61,160,69.24,0,26.67,0,0,0,0,0.01,31.2
dead_or_predicable,376.18,11.4,0,0,0,0,0,0,0,0,0.02,0
thread_block,102.64,47.57,0,0,0,0,0,0,0,0,-0.01,0
insert_expr_in_table,0,11.63,0,0,0,0,0,0,0,0,0,0
df_process_deferred_rescans,38.64,25.41,0,0,0,0,0,0,0,0,0.02,0
loop_optimizer_finalize,-14.29,73.81,0,0,0,0,0,0,0,0,0.02,0
df_live_alloc,49.28,29.4,0,0,0,0,0,0,0,0,0,0
recompute_dominator,52.04,6.48,0,0,0,0,0,0,0,0,0,0
renumber_gimple_stmt_uids,13.05,54.18,0,0,0,0,0,0,0,0,0,0
find_many_sub_basic_blocks,640.29,0.88,0,0,0,0,0,0,0,0,0.01,0
fold_cond_expr_cond,101.48,54.48,2075.93,11.68,0,0,0,0,0,0,0.01,23
df_scan_free_internal,55.34,36.85,0,0,0,0,0,0,0,0,-0.01,0
partition_view_init,-19.52,40.69,146.67,71.71,0,0,0,0,0,0,0.02,26.7
reassociate_bb,195.2,-1.51,0,0,0,0,0,0,0,0,0,0
expand_phi_nodes,53.19,-12.5,0,0,0,0,0,0,0,0,0,0
reload_as_needed,6.93,11.67,0,0,0,0,0,0,0,0,-0.04,-0.1
reorder_basic_blocks,30.36,26.19,0,0,0,0,0,0,0,0,0,0
rest_of_handle_initialize_regs,-1.58,40.02,0,0,0,0,0,0,0,0,-0.03,0
split_critical_edges,14.29,27.78,0,0,0,0,0,0,0,0,-0.01,0
legitimate_constant_p,0,21.43,0,0,0,0,0,0,0,0,0,0
check_promoted_subreg,3,9.75,0,0,0,0,0,0,0,0,-0.02,0
rtx_equal_for_cselib_p,115.31,27.68,0,0,0,0,0,0,0,0,0,0
commutative_operand_precedence,0,77.77,0,0,0,0,0,0,0,0,0.03,25.3
for_each_rtx,0,100,0,0,0,0,0,0,0,0,0,0
rtx_alloc_stat,0,0,0,0,0,0,0,0,0,0,0,0
ix86_delegitimize_address,-5,41.87,0,0,0,0,0,0,0,0,0.05,0
stmt_can_throw_internal,0,0,0,0,0,0,0,0,0,0,0.01,0
ix86_legitimate_address_p,0,3.54,0,0,0,0,0,0,0,0,0.03,0
commutative_tree_code,0,0,0,0,0,0,0,0,0,0,-0.01,0
xcalloc,0,0,0,0,0,0,0,0,0,0,0.01,0
push_operand,0,11.42,0,0,0,0,0,0,0,0,0,0
vinsn_equal_p,0,55.56,0,0,0,0,0,0,0,0,0,0
deletable_insn_p,-21.74,36.23,0,0,0,0,0,0,0,0,-0.02,0
sd_iterator_cond,0,0,0,0,0,0,0,0,0,0,0,0
et_free_tree_force,0,0,0,0,0,0,0,0,0,0,0.02,0
gen_rtx_fmt_ee_stat,0,0,0,0,0,0,0,0,0,0,0,0
invalid_mode_change_p,0,0,0,0,0,0,0,0,0,0,0.02,0
coalesced_pseudo_reg_freq_compare,0,53.85,0,0,0,0,0,0,0,0,0.01,65.1
tree_forwarder_block_p,12.69,46.91,0,0,0,0,0,0,0,0,-0.02,0
av_set_lookup,0,100,0,0,0,0,0,0,0,0,0,0
is_ineligible_successor,0,35.55,0,0,0,0,0,0,0,0,0,0
onlyjump_p,0,60,0,0,0,0,0,0,0,0,0,0
change_address_1,76.6,31.71,0,0,0,0,0,0,0,0,-0.02,0
flags_from_decl_or_type,0,66.66,0,0,0,0,0,0,0,0,0,0
mark_jump_label,0,0,0,0,0,0,0,0,0,0,-0.01,0
cselib_hash_rtx,-2.64,41.4,0,0,0,0,0,0,0,0,-0.01,0
find_edge,11.12,40.55,0,0,0,0,0,0,0,0,0,0
find_base_term,0,36.85,0,0,0,0,0,0,0,0,-0.1,0
sel_insn_is_speculation_check,0,100,0,0,0,0,0,0,0,0,0,0
pointer_map_contains,0,36.36,0,0,0,0,0,0,0,0,0,0
pc_set,0,75,0,0,0,0,0,0,0,0,0,0
flist_lookup,0,0,0,0,0,0,0,0,0,0,-0.01,0
df_canonize_collection_rec,-17.88,46.12,0,0,0,0,0,0,0,0,0.01,0
active_insn_p,0,33.33,0,0,0,0,0,0,0,0,0,0
et_nca,14.29,36.31,0,0,0,0,0,0,0,0,0,0
c_gimplify_expr,0,33.33,0,0,0,0,0,0,0,0,-0.01,0
_cpp_lex_token,56.07,-1.46,313.85,38.19,-14.29,57.14,0,0,0,0,0.04,18.1
c_lex_with_flags,0.5,6.03,0,0,0,0,0,0,0,0,-0.04,0
tree_block,0,100,0,0,0,0,0,0,0,0,0,0
iterative_hash,0,0,0,0,0,0,0,0,0,0,0.03,0
ix86_adjust_cost,0,8.8,-10,11.12,0,0,0,0,0,0,0.01,0.6
reg_scan_mark_refs,130.09,6.03,23.08,53.61,0,0,0,0,0,0,0.03,10.6
simplify_relational_operation,0,12.02,0,0,0,0,0,0,0,0,0.01,0
emit_insn_before_noloc,0,0,0,0,0,0,0,0,0,0,-0.01,0
ds_full_merge,0,0,0,0,0,0,0,0,0,0,0,0
df_insn_change_bb,0,25,0,0,0,0,0,0,0,0,0,0
gimple_assign_copy_p,63.64,79.04,0,0,0,0,0,0,0,0,0.01,0
split_4,9.53,3.98,0,0,0,0,0,0,0,0,-0.01,0
rtx_addr_can_trap_p_1,0,30.95,0,0,0,0,0,0,0,0,-0.01,0
make_compound_operation,-10.33,28.13,9.1,100,0,0,0,0,0,0,0.02,2.7
tick_check_note_dep,0,0,0,0,0,0,0,0,0,0,0.01,0
et_below,71.43,46.42,0,0,0,0,0,0,0,0,-0.01,0
reg_mentioned_p,-15.79,61.18,0,0,0,0,0,0,0,0,0.01,0
reversed_comparison_code_parts,0,13.89,0,0,0,0,0,0,0,0,-0.03,0
iterative_hash_exprs_commutative,0,0,0,0,0,0,0,0,0,0,-0.01,0
bucket_allocno_compare_func,372.73,20.57,0,0,0,0,0,0,0,0,0,0
vec_gc_p_reserve,0,0,0,0,0,0,0,0,0,0,0,0
get_attr_modrm,0,0,0,0,0,0,0,0,0,0,0.02,0
ggc_free,116,25.71,0,0,0,0,0,0,0,0,-0.01,0
inline_forbidden_p_stmt,0,70,0,0,0,0,0,0,0,0,-0.01,0
get_last_value_validate,2.13,35.54,278.34,70.27,0,0,0,0,0,0,0.02,15.5
free_succs_info,0,27.28,0,0,0,0,0,0,0,0,0.01,27.3
c_parser_postfix_expression,1.8,1.04,0,0,0,0,0,0,0,0,-0.01,0
av_set_leave_one_nonspec,-31.58,5.26,0,0,0,0,0,0,0,0,0,0
single_set_2,-2.92,58.61,0,0,0,0,0,0,0,0,0.01,0
rtl_profile_for_bb,0,19.23,0,0,0,0,0,0,0,0,0,0
ht_lookup_with_hash,4.47,28.79,0,0,0,0,0,0,0,0,0.01,0
free_alloc_pool,0,0,0,0,0,0,0,0,0,0,0,0
vn_reference_eq,-4.94,33.49,0,0,0,0,0,0,0,0,0,0
output_operand,0,14.29,0,0,0,0,0,0,0,0,0,0
finish_global_and_expr_insn,45.77,70.5,0,0,0,0,0,0,0,0,0,0
init_global_and_expr_for_insn,3.61,41.08,0,0,-30,88.93,0,0,0,0,0.02,27.1
df_insn_refs_verify,-6.55,44.52,0,0,0,0,0,0,0,0,-0.01,0
sd_add_dep,24.06,36.05,0,0,0,0,0,0,0,0,-0.04,0
htab_delete,0,4.55,0,0,0,0,0,0,0,0,0,0
htab_create,0,0,0,0,0,0,0,0,0,0,0,0
bitmap_intersect_p,0,31.25,0,0,0,0,0,0,0,0,0,0
compute_live,-13.05,35.54,0,0,0,0,0,0,0,0,-0.01,0
haifa_classify_rtx,-23.08,36.15,0,0,0,0,0,0,0,0,0,0
insn_current_reference_address,-10.09,40.96,0,0,0,0,0,0,0,0,-0.01,0
build1_stat,106.25,75,0,0,0,0,0,0,0,0,-0.01,0
try_combine,386.53,-26.3,0,0,0,0,4150,4.71,0,0,-0.02,0
compute_use_by_pseudos,0,31.37,13.34,9.42,0,0,0,0,0,0,0.01,24.1
optimize_insn_for_size_p,0,0,0,0,0,0,0,0,0,0,0,0
add_phi_arg,148.22,37.96,0,0,0,0,0,0,0,0,0.02,0
has_dependence_p,-18.19,64.14,0,0,0,0,0,0,0,0,0.01,26.5
advance_state_on_fence,0,26.23,0,0,0,0,0,0,0,0,0,0
priority,3,19.91,0,0,0,0,0,0,0,0,0.01,0
bitmap_and_compl,206.65,19.49,0,0,0,0,0,0,0,0,-0.04,0
make_ssa_name_fn,-2.57,71.32,0,0,0,0,0,0,0,0,-0.02,0
ilist_copy,50,47.23,0,0,0,0,0,0,0,0,0,0
can_combine_p,26.87,35.99,0,0,0,0,0,0,0,0,-0.02,0
modified_in_p,0,11.11,-11.12,13.88,0,0,0,0,0,0,0.02,7.7
df_free_collection_rec,-45.92,32.82,0,100,0,0,0,0,0,0,0.02,19.2
get_nop_from_pool,0,41.67,0,0,0,0,0,0,0,0,0,0
vn_reference_lookup_2,3.34,50.97,0,0,33.34,100,0,0,0,0,0.03,18.4
try_redirect_by_replacing_jump,404.48,22.25,0,-17.14,10.53,26.56,0,0,0,0,0.03,5.8
bb_ends_ebb_p,31.64,42.01,0,0,0,0,0,0,0,0,0,0
mode_dependent_address_p,0,0,0,0,0,0,0,0,0,0,0,0
remove_notes,0,0,72.73,12.92,0,0,0,0,0,0,0.03,12.5
sched_free_deps,-9.02,31.58,61.96,29.35,50,31.25,0,0,0,0,0.07,10.8
eliminate_const_or_copy,49.55,20.47,348.76,50.36,11.77,19.51,0,0,0,0,0.01,8.2
uncprop_enter_block,77.83,41.67,0,0,0,0,0,0,0,0,0.01,0
asm_fprintf,64.71,11.05,0,0,0,0,0,0,0,0,-0.01,0
repl_map_free,0,0,0,0,0,0,0,0,0,0,-0.01,0
rgn_setup_region,0,0,0,0,0,0,0,0,0,0,0,0
sel_sched_region,1.67,1.57,27.82,-7.2,12.13,6.39,0,0,0,0,0.03,5.9
next_nonnote_insn_bb,0,66.66,0,0,0,0,0,0,0,0,0,0
deps_join,113.99,50.21,13.47,28,0,0,0,0,0,0,0.01,4.8
free_graph,0,0,0,0,0,0,0,0,0,0,0,0
df_lr_init,0,18.75,0,0,0,0,0,0,0,0,-0.02,0
ira_traverse_loop_tree,0,26.32,0,0,0,0,0,0,0,0,0.02,4.5
execute_copy_prop,300.42,-0.64,167.45,47.4,0,8.33,0,0,0,40,0.02,10.5
rename_ssa_copies,2.97,18.25,0,0,0,0,0,0,0,0,-0.03,0
relink_block_chain,44.12,42.91,0,0,0,0,0,0,0,0,0,0
tree_ssa_phiopt_worker,245.08,-13.27,0,0,0,0,0,0,0,0,0.02,0
find_tail_calls,26.96,23.04,0,0,0,0,0,0,0,0,-0.02,0
cfg_layout_initialize,17.55,48.86,0,0,0,0,0,0,0,0,0,0
estimate_bb_frequencies,703,-1.52,0,0,0,0,0,0,0,0,-0.01,0
reg_scan,0,0,0,0,0,0,0,0,0,0,0.01,0
ipcp_versionable_function_p,197.02,13.22,0,0,0,0,0,0,0,0,0,0
break_up_subtract_bb,42.79,18.02,0,0,0,0,0,0,0,0,0.01,0
do_warn_unused_result,29.17,69.02,200,85.9,0,0,0,0,0,0,0.01,15.1
tree_estimate_probability,17.27,42.08,0,0,0,0,0,0,0,0,-0.01,0
calculate_live_on_exit,3.2,63.29,222.06,48.29,0,0,0,0,0,0,0.01,29.5
compute_alignments,2.51,8.9,0,0,0,0,0,0,0,0,0,0
execute_optimize_bswap,120.51,-0.92,0,0,0,0,0,0,0,0,0,0
find_replaceable_exprs,269.16,-2.06,0,0,0,0,0,0,0,0,0.02,0
instantiate_virtual_regs,22.9,12.46,0,0,0,0,0,0,0,0,0,0
rest_of_handle_stack_adjustments,85.05,2.25,0,0,0,0,0,0,0,0,0,0
pic_32bit_operand,0,0,0,0,0,0,0,0,0,0,0,0
max_reg_num,0,0,0,0,0,0,0,0,0,0,0,0
ix86_preferred_reload_class,0,17.65,0,0,0,0,0,0,0,0,0,0
bypass_p,0,0,0,0,0,0,0,0,0,0,0.01,0
gimple_cond_get_ops_from_tree,54,40.94,0,0,0,0,0,0,0,0,0,0
ix86_vector_mode_supported_p,0,0,0,0,0,0,0,0,0,0,0,0
df_live_init,0,42,0,0,0,0,0,0,0,0,-0.02,0
ggc_alloc_typed_stat,0,0,0,0,0,0,0,0,0,0,-0.02,0
stmt_could_throw_p,0,0,0,0,0,0,0,0,0,0,-0.02,0
gimple_get_lhs,0,50,0,0,0,0,0,0,0,0,0.01,8.6
extract_constrain_insn_cached,0,0,0,0,0,0,0,0,0,0,0,0
cmp_dfsnum,0,100,0,0,0,0,0,0,0,0,0,0
validate_change,0,0,0,0,0,0,0,0,0,0,0.02,0
default_addr_space_legitimate_address_p,0,0,0,0,0,0,0,0,0,0,0.02,0
extract_insn_cached,0,0,0,0,0,0,0,0,0,0,0,0
vec_stack_free,0,0,0,0,0,0,0,0,0,0,0,0
find_reg_equal_equiv_note,0,45.45,0,0,0,0,0,0,0,0,0,0
nonimmediate_operand,0,100,0,0,0,0,0,0,0,0,0,0
fold_relational_const,0,12.73,0,0,0,0,0,0,0,0,-0.01,0
stmt_ends_bb_p,0,0,0,0,0,0,0,0,0,0,0,0
get_av_level,0,32.5,0,0,0,0,0,0,0,0,0.01,0
htab_find,-9.26,48.14,0,0,0,0,0,0,0,0,0,0
av_set_clear,-28.58,11.42,0,0,0,0,0,0,0,0,0,0
et_new_tree,0,0,0,0,0,0,0,0,0,0,-0.02,0
bitmap_ior,43.81,16.13,100,45.45,0,20,0,0,0,0,0.07,5.8
xrealloc,0,0,0,0,0,0,0,0,0,0,0,0
canon_rtx,16,46.21,0,0,0,0,0,0,0,0,-0.09,0
special_function_p,13.8,38.76,0,0,0,0,0,0,0,0,0.01,19.5
sel_bb_head_p,0,42.85,0,0,0,0,0,0,0,0,0.01,12.1
verify_changes,-5.16,29.72,13.16,28.4,100,100,0,0,0,0,0.01,18.2
apply_change_group,85.72,71.42,0,0,0,0,0,0,0,0,0,0
const_int_htab_eq,0,100,0,0,0,0,0,0,0,0,0,0
fold_rtx,87.59,8.61,119.12,44.95,0,0,0,0,0,0,0.05,0.7
get_attr_type,0,0,0,0,0,0,0,0,0,0,0.03,0
replace_equiv_address_nv,0,0,0,0,0,0,0,0,0,0,0,0
av_set_copy,0,25,0,0,0,0,0,0,0,0,0,0
free_INSN_LIST_node,0,0,0,0,0,0,0,0,0,0,0,0
process_ssa_edge_worklist,13.05,67.72,0,0,0,0,0,0,0,0,0,0
fold_undefer_and_ignore_overflow_warnings,0,0,0,0,0,0,0,0,0,0,0,0
cselib_invalidate_rtx_note_stores,0,0,0,0,0,0,0,0,0,0,0.01,2.2
name_registered_for_update_p,0,20,0,0,0,0,0,0,0,0,0,0
df_grow_bb_info,0,83.33,0,0,0,0,0,0,0,0,0,0
mark_nonreg_stores_1,0,100,0,0,0,0,0,0,0,0,0,0
kill_autoinc_value,45.66,40.21,0,0,0,0,0,0,0,0,0,0
equiv_constant,34.91,33.9,20,35.55,0,0,0,0,-13.34,0,0.01,5.6
sel_bb_end_p,-15.39,52.44,0,0,0,0,0,0,0,0,0,0
sd_next_list,0,90.91,0,0,0,0,0,0,0,0,0,0
df_grow_reg_info,152,84.83,0,0,0,0,0,0,0,0,0,0
reg_overlap_mentioned_p,3.18,13.62,0,0,0,0,0,0,0,0,0,0
reg_classes_intersect_p,0,100,0,0,0,0,0,0,0,0,0,0
new_cselib_val,-28.58,38.57,0,0,0,0,0,0,0,0,0,0
sel_bb_head,0,33.33,0,0,0,0,0,0,0,0,0,0
_cpp_lex_direct,328.23,32.65,772.7,12.13,-17.49,30.2,0,0,0,0,0.02,3.9
cpp_get_token,0,14.94,12.13,5.02,0,2.04,0,0,0,0,0.02,1.5
c_lex_one_token,0,38.99,0,0,0,0,0,0,0,0,0.01,0
c_parser_consume_token,0,0,0,0,0,0,0,0,0,0,0,0
insert_with_costs,35.27,19.34,0,0,0,0,0,0,0,0,0,0
num_sign_bit_copies1,1.75,56.45,0,0,0,0,0,0,0,0,-0.01,0
recog,-4.88,13.86,0,0,0,0,0,0,0,0,0.02,1.5
int_size_in_bytes,0,70,0,0,0,0,0,0,0,0,0,0
record_truncated_value,-9.53,38.85,0,0,0,0,0,0,0,0,0.01,0
simplify_const_binary_operation,0,4.96,0,0,0,0,0,0,0,0,-0.02,0
get_current_def,0,11.91,0,0,0,0,0,0,0,0,0,0
state_transition,0,0,0,0,0,0,0,0,0,0,0.02,10.5
simplify_binary_operation,0,0,0,0,0,0,0,0,0,0,0,0
insn_cost,0,61.53,0,0,0,0,0,0,0,0,0.01,0
vec_heap_o_reserve_1,0,0,0,0,0,0,0,0,0,0,0,0
dbg_cnt,0,0,0,0,0,0,0,0,0,0,0,0
gimple_assign_ssa_name_copy_p,81.09,73.34,0,0,0,0,0,0,0,0,0.03,0
get_value_range,9.81,56.65,0,0,0,0,0,0,0,0,0.02,22.6
_eligible_successor_edge_p,8.64,6.64,0,0,0,0,0,0,0,0,-0.03,0
exp_equiv_p,-2.9,15.11,0,0,0,0,0,0,0,0,-0.04,0
set_current_def,2.64,34.82,20,10,0,0,0,0,0,0,0.01,16.1
get_expr_operands,0,68.75,0,0,0,0,0,0,0,0,0.02,0
simplify_binary_operation_1,-0.37,8.29,0,0,0,0,0,0,0,0,-0.01,0
av_set_is_in_p,0,100,0,0,0,0,0,0,0,0,0,0
build2_stat,30,51.54,0,0,0,0,0,0,0,0,0.02,0
estimate_operator_cost,0,100,0,0,0,0,0,0,0,0,0.01,17.9
ix86_comparison_operator,0,66.66,0,0,0,0,0,0,0,0,0,0
try_split,14.62,18.49,81.82,-3.1,0,0,0,0,0,0,0.01,3
can_throw_internal,0,0,0,0,0,0,0,0,0,0,0,0
execute_on_growing_pred,0,0,0,0,0,0,0,0,0,0,0,0
cselib_subst_to_values,3.58,71.68,60.72,85.31,0,0,0,0,0,0,0.01,7.7
insn_default_length,0,0,0,0,0,0,0,0,0,0,0.01,0
sel_target_adjust_priority,0,0,0,0,0,0,0,0,0,0,-0.01,0
tick_check_dep_with_dw,0,48.89,0,0,0,0,0,0,0,0,0,0
sel_bb_empty_p,0,33.33,0,0,0,0,0,0,0,0,0.02,0
haifa_note_dep,0,5.72,0,0,0,0,0,0,0,0,-0.01,0
tree_expr_nonzero_warnv_p,0,58.13,81.82,63.63,0,0,0,0,0,0,0.01,19.6
remove_free_INSN_LIST_node,50,61.11,0,0,0,0,0,0,0,0,0,0
forward_propagate_into,1.55,31.19,0,0,0,0,0,0,0,0,-0.02,0
rewrite_update_leave_block,0,0,0,0,0,0,0,0,0,0,0,0
mark_symbol_ref_as_used,0,66.66,0,0,0,0,0,0,0,0,0,0
check_mem_read_use,0,0,0,0,0,0,0,0,0,0,-0.03,0
execute_on_shrinking_pred,0,0,0,0,0,0,0,0,0,0,0,0
free_expr_hash_elt,0,0,0,0,0,0,0,0,0,0,0,0
cant_combine_insn_p,0,50,0,0,0,0,0,0,0,0,-0.01,0
copy_if_shared_r,0,100,0,0,0,0,0,0,0,0,0.03,0
get_attr_prefix_rex,0,0,0,0,0,0,0,0,0,0,0.01,1.7
ccp_fold,17.18,37.76,0,0,0,0,0,0,0,0,0,0
vec_heap_p_reserve_exact,0,0,0,0,0,0,0,0,0,0,0,0
add_or_update_dep_1,-19.93,11.01,0,0,0,0,0,0,0,0,-0.03,0
build_int_cst,0,0,0,0,0,0,0,0,0,0,0,0
df_reg_chain_unlink,37.31,36.68,0,0,0,0,0,0,0,0,0.02,0
may_trap_exp,0,66.67,0,0,0,0,0,0,0,0,0,0
cleanup_subreg_operands,-25,17.36,0,0,0,0,0,0,0,0,0,0
sreal_init,0,0,0,0,0,0,0,0,0,0,0,0
eliminate_regs_1,0.7,24.52,0,0,0,0,0,0,0,0,-0.01,0
force_fit_type_double,0,0,0,0,0,0,0,0,0,0,-0.02,0
dead_or_set_p,0,25,0,0,0,0,0,0,0,0,-0.01,0
constrain_operands_cached,0,0,0,0,0,0,0,0,0,0,0,0
record_cond,0,0,0,0,0,0,0,0,0,0,-0.01,0
walk_gimple_stmt,1011.03,10.76,0,0,0,0,0,0,0,0,0,0
vec_heap_o_reserve_exact,0,0,0,0,0,0,0,0,0,0,-0.01,0
init_deps,0,0,0,0,0,0,0,0,0,0,0,0
compute_succs_info,25,7.24,0,0,0,0,0,0,0,0,-0.01,0
add_stmt_operand,0,43.75,0,0,0,0,0,0,0,0,0.03,7
c_parser_cast_expression,0,4.34,0,0,0,0,0,0,0,0,0.01,7.4
find_vars_r,0,33.33,0,0,0,0,0,0,0,0,0.01,0
lookup_avail_expr,39.9,55.5,0,0,0,0,0,0,0,0,-0.01,0
tick_check_p,60,80,0,0,0,0,0,0,0,0,0,0
ssa_operands_active,0,100,0,0,0,0,0,0,0,0,0,0
print_operand,0.76,8.43,0,0,0,0,0,0,0,0,0,-0.5
add_reg_note,0,0,0,0,0,0,0,0,0,0,0,0
tidy_control_flow,-12.82,13.8,0,0,0,0,0,0,0,0,0,0
prepare_insn_expr,160,90,0,0,162.5,62.5,0,0,0,0,0.01,35.8
default_addr_space_address_mode,0,0,0,0,0,0,0,0,0,0,0.01,0
gimple_execute_on_shrinking_pred,0,80,0,0,0,0,0,0,0,0,-0.01,0
redirect_edge_succ,-19.24,84.61,0,0,0,0,0,0,0,0,-0.01,0
sreal_add,81.58,46.84,0,0,0,0,0,0,0,0,0.01,16.8
c_fully_fold,0,5,0,0,150,15,0,0,0,0,0.02,5.2
stmt_may_generate_copy,0,65.22,0,0,0,0,0,0,0,0,-0.01,0
blist_add,0,0,0,0,0,0,0,0,0,0,0,0
blist_remove,-18.92,16.39,0,0,0,0,0,0,0,0,0,0
redirect_edge_succ_nodup,63.64,72.72,0,0,0,0,0,0,0,0,0,0
walk_gimple_op,59.49,41.41,29.17,41.66,0,0,0,0,0,0,0.02,1.8
moveup_set_inside_insn_group,0,0,0,0,0,0,0,0,0,0,-0.01,0
c_parser_binary_expression,20.4,2.24,0,0,0,0,0,0,0,0,0.01,0
compare_operator,0,0,0,0,0,0,0,0,0,0,0,0
find_comparison_args,52.55,20.16,34.18,12.05,100,100,0,0,0,0,0.02,7.7
init_first_time_insn_data,-12.25,60.75,0,0,0,0,0,0,0,0,0,0
expand_expr_real,3.23,30.24,0,0,0,0,0,0,0,0,0.01,0
pre_expr_hash,0,33.33,0,0,0,0,0,0,0,0,-0.01,0
update_table_tick,0.77,38.42,0,0,0,0,0,0,0,0,0.01,0
gimple_has_side_effects,24.6,72.13,0,0,0,0,0,0,0,0,-0.01,0
default_conversion,15.22,30.52,0,0,0,0,0,0,0,0,0.01,0
calculate_privileged_insns,0,17.12,0,0,0,0,0,0,0,0,0,0
invoke_dfa_lookahead_guard,41.03,5.43,0,0,0,0,0,0,0,0,0,0
get_alias_set,2.36,21.6,68.84,26.67,0,0,0,0,0,0,0.06,7.5
get_ebb_head_tail,30.31,63.21,0,0,0,0,0,0,0,0,0,0
pointer_map_insert,0,30.61,0,0,0,0,0,0,0,0,-0.02,0
cselib_reset_table,0,0,0,0,0,0,0,0,0,0,0,0
expand_expr_real_1,159.49,-4.51,0,0,0,0,0,0,0,0,0,0
add_to_value,0,40,0,0,0,0,0,0,0,0,-0.03,0
gsi_insert_after_without_update,0,0,0,0,0,0,0,0,0,0,0,0
reg_set_p,0,14.29,0,0,0,0,0,0,0,0,-0.01,0
plus_constant,145,12.05,0,0,0,0,0,0,0,0,-0.01,0
sched_deps_init,0,28,0,0,0,0,0,0,0,0,0,0
record_last_set_info,0,53.33,0,0,0,0,0,0,0,0,-0.02,0
VN_INFO_GET,33.34,66.66,0,0,0,0,0,0,0,0,0,0
scan_paradoxical_subregs,6.25,72.61,0,0,0,0,0,0,0,0,0.02,0
try_crossjump_bb,49.01,34.79,100,69,0,0,0,0,0,0,0.01,21.3
purge_dead_edges,10.32,31.08,0,0,0,0,0,0,0,0,-0.03,0
any_uncondjump_p,0,72.72,0,0,0,0,0,0,0,0,0,0
insn_file,0,0,0,0,0,0,0,0,0,0,0,0
df_rd_confluence_n,0,56.82,0,0,0,0,0,0,0,0,0,0
invert_tree_comparison,0,0,0,0,0,0,0,0,0,0,0,0
internal_dfa_insn_code,0,0,0,0,0,0,0,0,0,0,-0.01,0
find_sequential_best_exprs,-3.85,15.07,0,0,0,0,0,0,0,0,0,0
reemit_notes,0,33.33,0,28.57,0,0,0,0,0,0,0.02,11.1
update_fence_and_insn,139.63,47.05,0,0,0,0,0,0,0,0,0.01,0
insn_rtx_cost,0,66.66,0,0,0,0,0,0,0,0,0,0
haifa_start_insn,0,0,0,0,0,0,0,0,0,0,-0.01,0
sd_finish_insn,-13.23,57.07,0,0,100,100,0,0,0,0,0.03,51
lex_identifier,79.68,3.58,0,6.67,0,0,0,0,0,0,0.02,4.1
register_edge_assert_for,7.35,42.98,0,0,0,0,0,0,0,0,0,0
compare_name_with_value,-12.65,34.79,0,0,0,0,0,0,0,0,0,0
simplify_stmt_for_jump_threading,0,0,0,0,0,0,0,0,0,0,0,0
simplify_gen_binary,0,0,0,0,0,0,0,0,0,0,0.02,0
reserve_phi_args_for_new_edge,364.35,-1.32,0,0,0,0,0,0,0,0,0,0
record_temporary_equivalence,15.56,47.14,0,0,0,0,0,0,0,0,0,0
add_dependence_list,0,5,0,0,0,0,0,0,0,0,-0.01,0
try_widen_shift_mode,0,42.85,0,0,0,0,0,0,0,0,-0.01,0
real_avail_expr_hash,0,0,0,0,0,0,0,0,0,0,0.01,0
extend_insn_data,0,0,0,0,0,0,0,0,0,0,-0.01,0
remove_phi_args,419.42,-11.28,0,0,0,0,0,0,0,0,-0.01,0
copy_reference_ops_from_ref,42.15,32.02,0,0,0,0,0,0,0,0,0,0
tsi_delink,33.34,77.77,0,0,0,0,0,0,0,0,0,0
double_int_cmp,0,0,0,0,0,0,0,0,0,0,0,0
canon_address,50.77,22.87,0,0,0,0,0,0,0,0,-0.01,0
remove_stmt_from_eh_lp,0,0,0,0,0,0,0,0,0,0,-0.01,0
df_bb_refs_collect,2.67,27.11,190,14.32,0,0,0,0,0,0,0.01,22.3
has_dependence_note_reg_use,8.58,39.17,0,0,0,0,0,0,0,0,0,0
fur_on_enter,0,14.28,0,0,0,0,0,0,0,0,0,0
true_dependence,-7.7,20.19,0,0,0,0,0,0,0,0,-0.01,0
gimple_can_merge_blocks_p,41.87,24.29,0,0,0,0,0,0,0,0,-0.01,0
flist_clear,0,2.38,0,0,0,0,0,0,0,0,0,0
schedule_on_fences,0,11.11,0,0,0,0,0,0,0,0,0,0
gimple_rhs_has_side_effects,79,30.85,0,0,0,0,0,0,0,0,-0.02,0
mark_used_regs_combine,-3.45,25.86,0,0,0,0,0,0,0,0,0,0
ao_ref_init,0,0,0,0,0,0,0,0,0,0,0,0
remove_local_expressions_from_table,0,20,0,0,0,0,0,0,0,0,-0.01,0
optimize_function_for_size_p,0,0,0,0,0,0,0,0,0,0,0,0
copy_node_stat,74.33,-15.47,0,0,0,0,0,0,0,0,-0.01,0
assemble_name,-44.45,2.22,0,0,0,0,0,0,0,0,0,0
record_jump_cond,14.17,7.22,0,0,0,0,0,0,0,0,-0.02,0
dse_leave_block,0,84.61,0,0,0,0,0,0,0,0,0,0
df_ref_change_reg_with_loc,0,100,0,0,0,0,0,0,0,0,0,0
sbitmap_empty_p,0,0,0,0,0,0,0,0,0,0,0,0
dom_opt_leave_block,25.7,20.62,0,0,0,0,0,0,0,0,-0.01,0
default_addr_space_pointer_mode,0,0,0,0,0,0,0,0,0,0,0.01,0
int_const_binop,40.52,15.65,0,0,0,0,0,0,0,0,0,0
simple_iv_increment_p,263.24,-4.12,20,40,0,0,0,0,0,0,0.01,18.4
df_get_live_in,0,33.34,0,0,0,0,0,0,0,0,0,0
vn_phi_eq,-37.26,67.89,0,0,0,0,0,0,0,0,0,0
lhs_of_dominating_assert,22.73,71.13,130.77,88.97,0,0,0,0,0,0,0.02,14.2
prepare_def_site_for,0,66.66,0,0,0,0,0,0,0,0,0.01,0
simplify_gen_relational,0,0,0,0,0,0,0,0,0,0,0,0
add_double_with_sign,0,0,0,0,0,0,0,0,0,0,0,0
gsi_insert_after,0,0,0,0,0,0,0,0,0,0,0.01,0
redirect_exp_1,0,9.52,0,0,0,0,0,0,0,0,0,0
recog_43,647.18,-14.09,0,0,0,0,0,0,0,0,0,0
cgraph_create_edge,240,56.98,0,0,0,0,0,0,0,0,-0.01,0
value_member,0,0,0,0,0,0,0,0,0,0,0,0
build3_stat,110,46.91,0,0,0,0,0,0,0,0,0.01,0
propagate_rtx_1,79.7,2.8,0,0,0,0,0,0,0,0,0,0
sched_analyze,25,42.5,0,0,0,0,0,0,0,0,-0.01,0
set_mem_attributes_minus_bitpos,147.43,22.76,0,0,0,0,0,0,0,0,0,0
gimple_predicted_by_p,0,0,0,0,0,0,0,0,0,0,0,0
expr_dest_reg,0,100,0,0,0,0,0,0,0,0,0,0
prototype_p,0,0,0,0,0,0,0,0,0,0,0,0
loe_visit_block,36.59,64.69,0,0,0,0,0,0,0,0,0,0
bookkeeping_can_be_created_if_moved_through_p,0,6.9,0,0,0,0,0,0,0,0,0.01,5.5
compute_data_dependences_for_bb,145.46,36.53,0,0,0,0,0,0,0,0,0,0
rtl_block_ends_with_call_p,-8.34,91.66,50,100,0,0,0,0,0,0,0.01,46.3
ix86_expand_branch,0,0,0,0,0,0,0,0,0,0,0.03,0.3
do_compare_rtx_and_jump,0,7,0,0,0,0,0,0,0,0,-0.01,0
cselib_init,0,0,0,0,0,0,0,0,0,0,0.01,0
emit_jump_insn_after_setloc,0,36.36,0,0,0,0,0,0,0,0,0,-3.9
expr_expected_value_1,20.53,27.25,0,0,0,0,0,0,0,0,-0.02,0
duplicate_ssa_name,0,66.66,0,0,0,0,0,0,0,0,0,0
register_new_update_set,0,40,0,0,0,0,0,0,0,0,-0.01,0
sel_setup_sched_infos,0,0,0,0,0,0,0,0,0,0,0,0
find_ebb_boundaries,12.13,13.59,0,0,0,0,0,0,0,0,0,0
init_fences,0,4.92,0,0,0,0,0,0,0,0,0,0
sel_finish_global_and_expr,0,13.16,0,0,0,0,0,0,0,0,-0.02,0
sel_init_bbs,0,0,0,0,0,0,0,0,0,0,0,0
sel_sched_region_2,158.85,-14.98,0,0,0,0,0,0,0,0,-0.02,0
layout_decl,25.47,5.62,0,0,0,0,0,0,0,0,0,0
split_1,3.91,18.94,0,0,0,0,0,0,0,0,0.02,0
cfg_layout_delete_block,-11.22,32.32,0,0,0,0,0,0,0,0,0,0
gen_rtvec,200,60,0,0,0,0,714.29,-12.53,0,0,-0.01,0
assign_hard_reg,60.56,16.82,330.14,3.64,-13.64,31.34,-4.77,3.57,0,0,0.02,9.5
associative_tree_code,0,0,0,0,0,0,0,0,0,0,0,0
df_scan_free_bb_info,418.47,-12.96,0,0,0,0,0,0,0,0,0.01,0
redirect_branch_edge,0,52,0,0,0,0,0,0,0,0,-0.01,0
find_equiv_reg,-5.6,23.44,0,0,0,0,0,0,0,0,-0.01,0
nearest_common_dominator_for_set,-8.7,43.21,0,0,0,0,0,0,0,0,0.01,0
link_use_stmts_after,0,0,0,0,0,0,0,0,0,0,0,0
insert_phi_nodes_for,323.95,-3.58,0,0,0,0,0,0,0,0,0.03,0
get_rank,-3.67,29.16,0,0,0,0,0,0,0,0,0,0
label_to_alignment,0,0,0,0,0,0,0,0,0,0,0,0
promote_function_mode,0,0,0,0,0,0,0,0,0,0,0,0
locate_and_pad_parm,30.77,13.12,0,0,0,0,0,0,0,0,0,0
store_one_arg,0,10.52,0,0,0,0,0,0,0,0,-0.01,0
build_unary_op,5.59,19.25,0,0,0,0,0,0,0,0,0.01,0
extract_range_basic,12.82,25.86,0,0,0,0,0,0,0,0,-0.01,0
same_phi_args_p,0,72,0,0,0,0,0,0,0,0,0.01,0
register_edge_assert_for_1,0,61.13,0,0,0,0,0,0,0,0,-0.01,0
expand_call,72.81,-4.95,0,0,0,0,960,-12.08,0,0,-0.03,0
set_location_for_edge,0,33.33,0,0,0,0,0,0,0,0,0.01,0
cheap_bb_rtx_cost_p,-23.53,41.86,0,0,0,0,0,0,0,0,-0.01,0
decl_refs_may_alias_p,0,0,0,0,0,0,0,0,0,0,-0.01,0
reorder_insns,32.61,50.36,0,0,0,0,0,0,0,0,-0.01,0
extract_range_from_binary_expr,4.28,19.48,5.87,-0.84,0,0,0,0,0,0,0.03,1.1
fibheap_extr_min_node,114.64,52.3,0,0,0,0,0,0,0,0,0,0
use_killed_between,-7.15,64.74,0,0,0,0,0,0,0,0,0,0
simplify_unary_operation,0,0,0,0,0,0,0,0,0,0,0,0
vec_gc_p_reserve_exact,0,0,0,0,0,0,0,0,0,0,0,0
phi_alternatives_equal,0,58.33,144.45,88.88,0,0,0,0,0,0,0.01,19.9
add_dirty_fence_to_fences,0,3.8,0,0,0,0,0,0,0,0,-0.01,0
add_to_fences,-21.43,25.97,0,0,0,0,0,0,0,0,0,0
sort_by_operand_rank,0,83.67,0,0,0,0,0,0,0,0,0,0
find_what_var_points_to,-20.34,59.68,0,0,0,0,0,0,0,0,0,0
linearize_expr_tree,27.48,26.06,0,0,0,0,0,0,0,0,0,0
c_parser_else_body,0,0,0,0,0,0,0,0,0,0,0,0
create_edge_and_update_destination_phis,-12.83,66.66,0,0,0,0,0,0,0,0,0,0
gimple_duplicate_bb,-2.18,45.07,0,0,0,0,0,0,0,0,0.01,0
free_dominance_info,0,75,0,0,0,0,0,0,0,0,0,0
label_to_block_fn,0,23.81,0,0,0,0,0,0,0,0,0.01,0
gimple_find_edge_insert_loc,20.98,49.78,200,77.78,0,100,0,0,0,0,0.01,15.9
reg_bitfield_target_p,0,15.62,0,0,0,0,0,0,0,0,0,0
validate_replace_rtx_1,51.38,43.05,60,55.83,-12.5,32.15,0,0,0,0,0.01,3.7
grokdeclarator,53.54,5.11,0,0,0,0,0,0,0,0,0,0
validate_equiv_mem,0,14.29,115.79,50.58,0,0,0,0,0,0,0.01,11
execute_one_pass,2.37,9.05,0,0,0,0,0,0,0,0,-0.02,0
find_dummy_reload,133.34,16.95,0,0,0,0,0,0,0,0,-0.01,0
rtx_equal_p_cb,566.67,-14.46,1780,8.01,0,0,0,0,0,0,0.02,1.2
target_default_pointer_address_modes_p,0,0,0,0,0,0,0,0,0,0,-0.01,0
try_replace_dest_reg,156.53,17.72,0,0,0,0,0,0,0,0,0,0
df_compute_regs_ever_live,-19.24,35.72,0,0,0,0,0,0,0,0,0,0
df_maybe_reorganize_def_refs,-50,0,0,0,0,0,0,0,0,0,0.01,20.9
cleanup_tree_cfg,12.5,50.46,0,0,0,0,0,0,0,0,-0.04,0
haifa_note_mem_dep,0,5.88,0,0,0,0,0,0,0,0,0,0
prune_bbs_to_update_dominators,7.62,55.64,0,0,0,0,0,0,0,0,0,0
df_lr_alloc,91.49,49.86,0,0,0,0,0,0,0,0,0.01,0
has_dependence_note_mem_dep,0,0,0,0,0,0,0,0,0,0,0,0
df_bb_regno_last_def_find,0,63.16,0,0,0,0,0,0,0,0,0,0
delete_dead_jumptables,30.49,22.81,116.22,38.61,0,0,0,0,0,0,0.03,16.6
thread_through_all_blocks,10.94,24.26,0,0,0,0,0,0,0,0,0,0
clear_bb_flags,0,50,0,0,0,0,0,0,0,0,0,0
compute_hash_table,4.33,22.7,0,0,0,0,3300,0,0,0,0.01,0
compute_inline_parameters,-11.86,37.03,0,0,0,0,0,0,0,0,-0.01,0
compute_may_aliases,13.58,35.27,104.84,39.13,0,0,0,0,0,0,0.02,12.5
do_ssa_ccp,612.5,-23.9,0,0,0,0,0,0,0,0,-0.01,0
regstat_init_n_sets_and_refs,9.26,21.06,33.34,45.83,57.15,38.96,642.86,0,0,0,0.01,9
commit_edge_insertions,30.31,53.42,0,0,0,0,0,0,0,0,-0.01,0
free_aux_for_blocks,0,100,0,0,0,0,0,0,0,0,0,0
function_called_by_processed_nodes_p,0,34.79,0,0,0,0,0,0,0,0,0,0
eliminate_degenerate_phis_1,0,0,0,0,0,0,0,0,0,0,0,0
fini_pre,0,100,0,0,0,0,0,0,0,0,0.01,10.8
tree_ssa_dominator_optimize,-9.21,25.1,0,0,0,0,0,0,0,0,0,0
build_cgraph_edges,182.46,-2.59,0,0,0,0,0,0,0,0,-0.01,0
default_case_values_threshold,0,0,0,0,0,0,0,0,0,0,0.01,0
find_referenced_vars,-10.72,38.42,0,0,0,0,0,0,0,0,0,0
lower_sequence,25.14,50.31,0,0,0,0,0,0,0,0,0,0
rewrite_into_ssa,34.11,9.42,0,0,0,0,0,0,0,0,0,0
run_warn_unused_result,0,0,0,0,0,0,0,0,0,0,0,0
analyze_function,0,33.33,0,0,0,0,0,0,0,0,0,0
optimize_inline_calls,660.47,-8.13,0,0,0,0,0,0,0,0,0.01,0
df_lr_free,188.89,70.08,0,0,0,0,0,0,0,0,-0.03,0
df_rd_alloc,53.2,56.97,0,0,0,0,0,0,0,0,-0.02,0
df_update_entry_exit_and_calls,13.73,45.27,0,0,0,0,0,0,0,0,0,0
execute_return_slot_opt,257.62,-15.34,0,0,0,0,0,0,0,0,0.01,0
execute_vect_slp,-30,80,0,0,0,0,0,0,0,0,-0.02,0
fixup_abnormal_edges,7.1,0.54,0,0,0,0,0,0,0,0,-0.01,0
free_lv_sets,42.17,37.27,0,0,0,0,0,0,0,0,0,0
init_lv_sets,-6.04,43.28,0,0,0,0,0,0,0,0,0,0
init_subregs_of_mode,13.47,44.36,0,0,0,0,0,0,0,0,-0.01,0
ira_build,13.08,19.07,214.17,57.93,0,27.5,246.16,-10.94,520,-41.93,0.01,5.6
ira_build_conflicts,13.68,36.36,0,0,0,0,0,0,0,0,-0.02,0
ira_color,5.65,21.26,0,0,0,0,0,0,0,0,-0.01,0
ira_compress_allocno_live_ranges,3.23,17.39,0,0,0,0,0,0,0,0,0,0
ix86_reorg,14.85,19.21,0,0,0,0,0,0,0,0,0,0
leaf_function_p,0,2.78,0,0,0,0,0,0,0,0,0,0
remove_uneccesary_loop_nodes_from_loop_tree,47.83,6.65,0,0,0,0,0,0,0,0,0.01,0
rewrite_out_of_ssa,109.86,27.85,0,0,0,0,0,0,0,0,-0.01,0
sched_finish,-20,5,0,0,0,0,0,0,0,0,0.01,0
sink_code_in_bb,126.33,14.65,0,0,0,0,0,0,0,0,-0.03,0
unshare_all_rtl_again,-8.34,10.23,0,0,0,0,0,0,0,0,0.02,0
setup_save_areas,45.22,9.27,0,0,0,0,0,0,0,0,-0.03,0
cgraph_postorder,-14.12,18.09,0,0,0,0,0,0,0,0,0.01,0
c_write_global_declarations,0,17.14,0,0,0,0,0,0,0,0,0,0
constant_boolean_node,0,0,0,0,0,0,0,0,0,0,0,0
copy_statement_list,0,0,0,0,0,0,0,0,0,0,0,0
debug_candidates,0,0,0,0,0,0,0,0,0,0,0,0
decl_type_context,0,0,0,0,0,0,0,0,0,0,0.01,0
deps_pools_are_empty_p,0,0,0,0,0,0,0,0,0,0,0,0
ds_merge_1,0,0,0,0,0,0,0,0,0,0,0,0
find_last_value,0,0,0,0,0,0,0,0,0,0,0,0
list_equal_p,0,0,0,0,0,0,0,0,0,0,0.02,0
mark_home_live,0,75,0,0,0,0,0,0,0,0,0,0
pop_operand,0,0,0,0,0,0,0,0,0,0,0,0
regno_use_in,0,0,0,0,0,0,0,0,0,0,0,0
size_diffop_loc,0,0,0,0,0,0,0,0,0,0,0,0
skip_unspecs_callback,0,0,0,0,0,0,0,0,0,0,0,0
validate_simplify_insn,0,0,0,0,0,0,0,0,0,0,0,0
,0,,0,,0,,0,,0,,-0.03049198667,